Numeric hallucination detected for 5fa088ef-4892-47ec-a448-5933669811ae (1 claims)
Numeric hallucination detected for 4d422703-e51a-4005-8d92-9b03da606e4e (1 claims)
Numeric hallucination detected for 7dbcb40e-edad-4330-971c-ca551c047f0c (1 claims)
Numeric hallucination detected for 38182297-2e3c-44eb-93f1-212875f929a7 (1 claims)
Numeric hallucination detected for b601a5a3-3069-4c0c-aae7-781d9902fa9d (1 claims)
Numeric hallucination detected for ecb579a0-4b74-43e0-a6d3-74f7c48261c9 (1 claims)
Numeric hallucination detected for ce8d5c02-3fba-4b46-9b98-ba30294aee64 (1 claims)
Numeric hallucination detected for d78179d9-63da-4c0f-a791-2ddc5eb555e6 (1 claims)
Numeric hallucination detected for c39f3fdf-87cc-4b8f-940c-77f52457ed48 (1 claims)
Numeric hallucination detected for da05b39a-a8d1-4a11-8340-c0a5af57977b (1 claims)
Numeric hallucination detected for 39d251f2-501f-47c2-98c0-dcbf9aa7caba (1 claims)
Numeric hallucination detected for 524598c1-0b73-4b39-867d-98fde1725359 (1 claims)
Numeric hallucination detected for da824813-4cce-4058-9fac-74fdc0e24e77 (1 claims)
Numeric hallucination detected for 50e9f5cf-4861-4c7e-a39d-9f6aa620aaf8 (1 claims)
Numeric hallucination detected for 64864f42-4d57-4aed-8f57-d3a0454ca77f (1 claims)
Numeric hallucination detected for 93662f11-e76f-43d0-8107-bfb8cbc48828 (1 claims)
Numeric hallucination detected for 4e708f1c-8cab-4c2a-abb5-40907f4d1963 (1 claims)
Numeric hallucination detected for ad76979b-a8ce-4f69-aea1-35378ec43c92 (1 claims)
Numeric hallucination detected for 28bad7c6-a0b7-4b55-a3f4-b8e499cc00c7 (1 claims)
Numeric hallucination detected for 1d21e6cc-26d8-43e9-8869-2526b08b33e9 (1 claims)
Numeric hallucination detected for ea1badde-2bae-4d4a-8757-05708df51998 (1 claims)
Numeric hallucination detected for c3e93060-d07c-44b9-94cd-c0a805fdfcfc (1 claims)
Numeric hallucination detected for 8d361d93-56c9-4ba2-b726-4393c45c859e (1 claims)
Numeric hallucination detected for bcb8c5d0-e1a6-44d9-8840-48fcf07cc6cc (1 claims)
Numeric hallucination detected for 8ea50f3b-0f37-4bcd-9711-c782b0e3fe13 (1 claims)
Numeric hallucination detected for 78cc0b12-ed70-4379-ab2b-48b29dedd343 (1 claims)
Numeric hallucination detected for 8dc70ecc-7874-46f2-a8a7-fa1def4989c9 (1 claims)
Numeric hallucination detected for 4768a3ca-3fb5-4532-99f6-ab0de0d5cf26 (1 claims)
Numeric hallucination detected for 88912722-9d4d-4b50-a7d9-d70e9aaa7ac9 (1 claims)
Numeric hallucination detected for 65083b5c-1921-45d2-8468-14d74fecfc86 (1 claims)
Numeric hallucination detected for e3cfd653-5096-48ad-beb3-8ffd201632c5 (1 claims)
Numeric hallucination detected for 35b954b4-33c4-4e3d-ac4c-5d7c952044c6 (1 claims)
Numeric hallucination detected for 98ca50f8-3a69-4d17-b138-5fdcd9ea616f (1 claims)
Numeric hallucination detected for df587a08-c85c-4428-b2bf-cbbc2872100b (1 claims)
Numeric hallucination detected for 9974b0a1-db29-4ea2-93ff-4438111a0b86 (1 claims)
Numeric hallucination detected for d36d69fe-1d1a-440c-bc41-7aa73dc782d6 (1 claims)
Numeric hallucination detected for 4258db5e-9819-44e5-a0f8-7566930e667a (1 claims)
Numeric hallucination detected for 4e9d7e32-c67d-4c76-9914-5b1452bbc03a (1 claims)
Numeric hallucination detected for b8aa55ae-20ad-48c1-9700-b395b412a047 (1 claims)
Numeric hallucination detected for 80793aaa-3788-49ca-895d-056e010b632f (1 claims)
Numeric hallucination detected for 7adda037-7d26-4c26-93b5-0bcebc499bae (1 claims)
Numeric hallucination detected for ebb899e0-fb47-4aaf-acdf-d7a1a40eee4f (1 claims)
Numeric hallucination detected for 11e2a5a7-5d5b-4bd1-b38e-368fbe2594d3 (1 claims)
Numeric hallucination detected for acda5458-ca9e-4c29-83ee-60cac1d19ebc (1 claims)
Numeric hallucination detected for 66a3193f-2794-4c27-b304-a29ffdc6022e (1 claims)
Numeric hallucination detected for 6f5acff2-e1e3-46b4-bb78-ddb63e7eb86a (1 claims)
Numeric hallucination detected for 03d081f4-09ae-4d2d-8e21-d4e448e1d9aa (1 claims)
Numeric hallucination detected for 93ecd32d-b13d-42f8-96a7-1226b5251f58 (1 claims)
Numeric hallucination detected for 9f04f9c7-7ca1-47e3-99fc-50aa7e3fe1f8 (1 claims)
Numeric hallucination detected for efb4fe75-a744-4486-8d57-1548414731dc (1 claims)
Numeric hallucination detected for a8457f10-fc57-4b75-b2d9-5e6de802c884 (1 claims)
Numeric hallucination detected for 1a1bd65b-08fe-4048-8de9-f41f471de82b (1 claims)
Numeric hallucination detected for 6b035023-833c-49e7-a29f-0c5ddf72dab4 (1 claims)
Numeric hallucination detected for 22d96826-261c-4556-be11-5f8fa2fbb3f9 (1 claims)
Numeric hallucination detected for bc6b8530-c706-41e4-b139-b9874f83e6bc (1 claims)
Numeric hallucination detected for 3c79c285-0b4f-4382-b7b1-a64d855866e5 (1 claims)
Numeric hallucination detected for 18c99beb-7584-425f-ba91-bc1ec4e84d62 (1 claims)
Numeric hallucination detected for 42839ff6-f7d3-4075-bfe2-9d5bce360607 (1 claims)
Numeric hallucination detected for 79c875da-7ec3-405d-8325-19dc0d2114d4 (1 claims)
Numeric hallucination detected for d5ba860e-5256-4984-b6f4-faf7f522454a (1 claims)
Numeric hallucination detected for 74da039c-b23b-4a0b-aede-8e92f363ed12 (1 claims)
Numeric hallucination detected for c3b0a14e-86c2-4dbb-8fb2-10816767e786 (1 claims)
Numeric hallucination detected for 0e42bed2-9867-4e18-9871-27cffdc64906 (1 claims)
Numeric hallucination detected for 2c4cddb0-b625-4b9c-b514-24d7cbc22b1f (1 claims)
Numeric hallucination detected for 66ccd2dd-c623-4e54-a3a9-a6c59b1a8d67 (1 claims)
Numeric hallucination detected for 23a11a07-d6b2-4a28-8197-00a2e2a7678e (1 claims)
Numeric hallucination detected for a1309b66-f55d-41a9-8a36-f780b53292cd (1 claims)
Numeric hallucination detected for 4cc375eb-6ccf-40e7-b1c6-04b9260beb5b (1 claims)
Numeric hallucination detected for fb3191ef-eb27-4632-82af-3adf754d6338 (1 claims)
Numeric hallucination detected for 0059121d-e658-4989-ab09-05f243d3a87b (1 claims)
Numeric hallucination detected for ba67280b-d971-440f-9ea6-907830bb57e4 (1 claims)
Numeric hallucination detected for 163250c1-9577-4c12-b70b-82489a19aea2 (1 claims)
Numeric hallucination detected for eec27915-b1bb-4e7b-a0b6-8c5a2107d30b (1 claims)
Numeric hallucination detected for e79a788b-c46d-4368-8c91-e394ea6b0e14 (1 claims)
Numeric hallucination detected for 3fe741a6-2f03-4219-a74e-0435e8695c32 (1 claims)
Numeric hallucination detected for f7c8b23e-a5c2-4d93-8d5a-5ac0373a718c (1 claims)
Numeric hallucination detected for f0a0681c-3aa5-4710-a4f3-76f10446b72b (1 claims)
Numeric hallucination detected for f5d8e8e2-c1d8-4bf9-b267-bba3de27ee87 (1 claims)
Numeric hallucination detected for f4e0571f-3434-4267-9201-33768927525d (1 claims)
Numeric hallucination detected for 50b19c01-e3a3-4cae-ba4f-f37ad0a43c2e (1 claims)
Numeric hallucination detected for 2086c2b4-4518-4348-924e-71bdc76ec753 (1 claims)
Numeric hallucination detected for cf5ecba4-f09f-4952-9d78-746eacc93547 (1 claims)
Numeric hallucination detected for 8ff48134-cd3f-4e73-87a7-272e088cb612 (1 claims)
Numeric hallucination detected for d72b424b-e604-4b30-853b-91c341640687 (1 claims)
Numeric hallucination detected for 95383e56-34a6-4dce-8732-63c018b7b6d4 (1 claims)
Numeric hallucination detected for bb73ee9a-bc5a-441a-af1c-84ec9f45d2f1 (1 claims)
Numeric hallucination detected for be5a61b4-fb98-4bcc-a742-851bea24c846 (1 claims)
Numeric hallucination detected for 83787b3d-7dae-48e7-b006-f159d8a29e1d (1 claims)
Numeric hallucination detected for 47c5577f-02f4-48ef-acc1-9c9db7541615 (1 claims)
Numeric hallucination detected for 99b3e009-dc41-49d8-ad9c-8a6d28836fc4 (1 claims)
Numeric hallucination detected for dbf99697-9c91-436f-9d9a-a7614aba1f6a (1 claims)
Numeric hallucination detected for 6e3029c9-dd31-4c3d-aadf-53cd7e3ae6dd (1 claims)
Numeric hallucination detected for bf06f17e-0e1a-45cf-92c0-ec2428709014 (1 claims)
Numeric hallucination detected for fac4adbf-151f-4dc0-a776-62e9b5aec7e3 (1 claims)
Numeric hallucination detected for a3a682fe-33c2-4e96-bb64-830e1104ff81 (1 claims)
Numeric hallucination detected for 891af9e7-8cfb-4f51-b122-902ba6bdf831 (1 claims)
Numeric hallucination detected for 29a3a847-befb-4639-befa-92e32ff6271a (1 claims)
Numeric hallucination detected for 90034632-c4fe-4bf9-bca6-c54d2d627f6c (1 claims)
Numeric hallucination detected for 3c7fa957-3921-4877-ac41-b8129ffcf5ed (1 claims)
Numeric hallucination detected for 91d5aefe-8294-4c09-8afa-6342d9c97105 (1 claims)
Numeric hallucination detected for 278dbbb7-ed3b-436c-a2aa-2d5a157e984f (1 claims)
Numeric hallucination detected for 80be4c27-111e-4071-87d7-aeb4330ba31b (1 claims)
Numeric hallucination detected for 029dcd34-df95-4e5a-8222-044fab07bf05 (1 claims)
Numeric hallucination detected for 6d332fae-e5ee-4a39-a4c5-6f5bc1a5a1d9 (1 claims)
Numeric hallucination detected for 05d34da2-3847-4582-b5b0-331567989c4e (1 claims)
Numeric hallucination detected for e33d4be9-0a29-4fac-ae38-da65c0ba5636 (1 claims)
Numeric hallucination detected for 93305878-3bf9-49ea-a7a9-683b698668aa (1 claims)
Numeric hallucination detected for 2c6675c2-6758-4415-8af6-d1ed9825b74f (1 claims)
Numeric hallucination detected for 89a5637a-1e60-4195-a5f8-1bcecd80cff0 (1 claims)
Numeric hallucination detected for 38cd3204-ec35-4308-98da-610922747556 (1 claims)
Numeric hallucination detected for 7c243e4c-141f-4538-ba93-5eb362e21e0e (1 claims)
Numeric hallucination detected for 929c49f4-1aab-4f1b-ba60-d17763464a35 (1 claims)
Numeric hallucination detected for c85b5424-52ac-4848-8426-3a7e2c936348 (1 claims)
Numeric hallucination detected for 3127b3b4-858e-4a2b-a484-f213490d6894 (1 claims)
Numeric hallucination detected for 4d756801-db7e-434e-8603-4e8898a6a320 (1 claims)
Numeric hallucination detected for d1881bdd-a444-41d2-acb4-1439d3cb407f (1 claims)
Numeric hallucination detected for ccda96a6-49e7-40d3-8de4-4b39312a6beb (1 claims)
Numeric hallucination detected for 196ac343-2edc-4c3a-84cb-ad2d610bd244 (1 claims)
Numeric hallucination detected for 463b4ca6-2f78-4e02-a637-1b3b5b95be53 (1 claims)
Numeric hallucination detected for 03d935fa-1637-4617-9e51-4e5cc63695f2 (1 claims)
Numeric hallucination detected for a9d852bc-a52d-4e2f-925d-bc9d5ef377af (1 claims)
Numeric hallucination detected for b74aeb52-9dd9-4ce3-b279-130bca9f2590 (1 claims)
Numeric hallucination detected for cc9f0ded-4b96-412d-abb5-1ba5e875fbf7 (1 claims)
Numeric hallucination detected for ce1a326e-3c78-4c0f-8dd6-13a088cae831 (1 claims)
Numeric hallucination detected for 1248baa4-d9f5-4540-ae7c-93909e269c33 (1 claims)
Numeric hallucination detected for 18a5c6cc-f4ae-4ab4-bd2c-56950339b3e9 (1 claims)
Numeric hallucination detected for 8e9f970e-d3e3-41f0-951d-0cc803a1313a (1 claims)
Numeric hallucination detected for 47d7c5fe-703e-4e14-9c42-f738c0d31be5 (1 claims)
Numeric hallucination detected for 05a8d3d9-8e02-4cf5-ba39-fee77bbfbdc1 (1 claims)
Numeric hallucination detected for 1000a8fc-06bb-48f5-8287-9aee491087a5 (1 claims)
Numeric hallucination detected for 80a51c50-7c9c-450b-9705-22f2807377f3 (1 claims)
Numeric hallucination detected for 71a78f89-a5bb-4117-a1d7-a4f3532c2dc0 (1 claims)
Numeric hallucination detected for 2d097129-8bd4-4a98-acbe-6b1ebbf55852 (1 claims)
Numeric hallucination detected for 6ff7d1de-2e4d-4bfc-a2b5-53110e6226f4 (1 claims)
Numeric hallucination detected for 09d9799b-dcac-488a-80a5-ca7ae4609161 (1 claims)
Numeric hallucination detected for 85dd9921-c0f2-4100-a0f8-54589efd18a9 (1 claims)
Numeric hallucination detected for e6e910b3-577c-4d99-b585-94178a9742ed (1 claims)
Numeric hallucination detected for 9475bba9-a1af-4096-bab0-5ccd049ab918 (1 claims)
Numeric hallucination detected for 8353ee63-753d-48c2-941d-43221a0d1c3f (1 claims)
Numeric hallucination detected for 77b3e531-4fdb-4fb5-aa8c-f42e34aaaa59 (1 claims)
Numeric hallucination detected for ba113a3f-12e9-46bf-8630-54de3d927f21 (1 claims)
Numeric hallucination detected for 781392bf-6187-4c51-9a05-7fcd2ebc0e50 (1 claims)
Numeric hallucination detected for 4f4c6c24-436b-4474-b101-77c21f0bb551 (1 claims)
Numeric hallucination detected for 5623e4ee-1260-42d5-90f2-e3b233123a17 (1 claims)
Numeric hallucination detected for 68090f4a-e7c2-45c4-b93c-df1427f93521 (1 claims)
Numeric hallucination detected for ae0ef8b1-93ef-4b19-b1ec-d733e319ba83 (1 claims)
Numeric hallucination detected for 04b81047-7444-425a-9d7c-13b64e3d2e45 (1 claims)
Numeric hallucination detected for 927cf2e6-7bbd-4282-bffd-8636cfad59eb (1 claims)
Numeric hallucination detected for ff38404b-bdf9-450a-aa4e-be4f1b685c2e (1 claims)
Numeric hallucination detected for 9d5a6244-4237-4b95-97a9-489487ee99d0 (1 claims)
Numeric hallucination detected for eab7ab4d-90bf-48e9-9c86-b11ebf335ea5 (1 claims)
Numeric hallucination detected for da509dce-1367-4894-a955-3e84f8fbe28c (1 claims)
Numeric hallucination detected for a712a2e6-ede7-4a0e-bef3-23bd7004d664 (1 claims)
Numeric hallucination detected for 5eb75474-578b-41fa-a198-d1300fb47f98 (1 claims)
Numeric hallucination detected for 1c37c45d-5fc0-4c2e-9cac-1b9ec77d5551 (1 claims)
Numeric hallucination detected for 51da8426-7eb3-4b4b-bd85-bf7fd4f180c2 (1 claims)
Numeric hallucination detected for a6249871-a13d-4054-b03d-f6a12ccbc7fa (1 claims)
Numeric hallucination detected for 1c07f5c8-118f-4847-80a6-c3f1c59e99a5 (1 claims)
Numeric hallucination detected for 740b28d1-938a-46ea-8384-d05200a9811e (1 claims)
Numeric hallucination detected for a9045c3c-e8a0-49a0-bf52-8b3dcff1898b (1 claims)
Numeric hallucination detected for 3d6d0e40-8d93-401e-a5e1-913c205c5db1 (1 claims)
Numeric hallucination detected for 9d0717e5-0ed0-4ef7-b305-28edf22f73af (1 claims)
Numeric hallucination detected for 253dd9d2-eab2-4f7e-b631-fd40c26a15b2 (1 claims)
Numeric hallucination detected for f029038a-23ce-4344-b9fe-2e7e2b5bcd61 (1 claims)
Numeric hallucination detected for 0b4f84b0-bb0c-41db-92d2-226bd50b5ef9 (1 claims)
Numeric hallucination detected for b25068a3-8a3e-422f-8bb5-c51ea68cf458 (1 claims)
Numeric hallucination detected for e12ad7c5-4839-423e-a6b5-208ee98197ad (1 claims)
Numeric hallucination detected for e585ef92-9127-4917-91df-70bbb5c8475e (1 claims)
Numeric hallucination detected for 389fe09b-5bc0-4aa6-af91-5206458918cd (1 claims)
Numeric hallucination detected for fcf80089-a5b6-46f5-a054-fcd745d3ed2f (1 claims)
Numeric hallucination detected for 4fdd7bde-cc3c-4f00-9f04-b4f64ffb7952 (1 claims)
Numeric hallucination detected for 2956979f-c1f8-4877-990b-09e3964b559b (1 claims)
Numeric hallucination detected for 1becf859-ca0c-4193-a0d5-249797496e03 (1 claims)
Numeric hallucination detected for ffbdf232-6356-4d73-890e-85bb5e138510 (1 claims)
Numeric hallucination detected for 7dd2069f-eb96-4f41-9043-7e2920f02492 (1 claims)
Numeric hallucination detected for 8fc70eca-0c60-424a-87cc-7b1c50b6548e (1 claims)
Numeric hallucination detected for f8ec0758-20ce-4dce-95a4-5f4b79a9f608 (1 claims)
Numeric hallucination detected for d82cf3bc-9b06-4b6f-a100-185d84d844bd (1 claims)
Numeric hallucination detected for a1f90916-a936-4e9c-a396-9634e45012e1 (1 claims)
Numeric hallucination detected for 99673982-6524-42eb-9686-96a8cc7375cf (1 claims)
Numeric hallucination detected for e73e07aa-7d5e-4766-a5cb-fd928d88a62b (1 claims)
Numeric hallucination detected for d303880f-38fb-49be-95ed-af45ee947549 (1 claims)
Numeric hallucination detected for dbb0b13a-802e-4301-9451-ceb3707adc16 (1 claims)
Numeric hallucination detected for cfa58280-2b0d-4acc-8d56-76242bcf3d78 (1 claims)
Numeric hallucination detected for 2172b504-4977-4011-8841-e60799b054f7 (1 claims)
Numeric hallucination detected for e1265077-bb34-410a-a152-8816bc375e40 (1 claims)
Numeric hallucination detected for 50edf0be-e4b4-4220-a1fd-4dbc3bc86215 (1 claims)
Numeric hallucination detected for 9a8bdccf-81ed-43e3-b06b-645f457b1d37 (1 claims)
Numeric hallucination detected for f6428de1-2dfb-47b4-83fc-e87304881bce (1 claims)
Numeric hallucination detected for 3d13856f-70b3-47a5-a3a3-cabe4c0bc28a (1 claims)
Numeric hallucination detected for 2dfc4983-09c3-4c68-99d2-4e75538f90d6 (1 claims)
Numeric hallucination detected for abc9197d-eb28-423a-92e3-199e5d47a01b (1 claims)
Numeric hallucination detected for 9b499bca-cee0-40c3-90e5-6911f1eaca03 (1 claims)
Numeric hallucination detected for ceda787e-0b22-4bb2-94e0-6827d1cfc794 (1 claims)
Numeric hallucination detected for fc95f98e-8d95-4db2-be41-f37d6f65c136 (1 claims)
Numeric hallucination detected for 00cdd54d-3a63-43b0-821a-8a69d46a34d9 (1 claims)
Numeric hallucination detected for b834c95a-7a3c-4a14-a36f-7b88d1064537 (1 claims)
Numeric hallucination detected for 3a862758-709c-41c9-93b9-4d66c1956677 (1 claims)
Numeric hallucination detected for 6e0ddc65-bf39-471f-a9cb-e426db487f17 (1 claims)
Numeric hallucination detected for c600b758-f9c9-4908-a61a-4a469e274d5a (1 claims)
Numeric hallucination detected for d2000b5d-5d55-4a4c-8cd0-37f94cefcda5 (1 claims)
Numeric hallucination detected for 45b46e62-7ceb-4db9-b021-da2660f46f6a (1 claims)
Numeric hallucination detected for 63fbda66-f20c-4477-8b25-a7b09cda0bc4 (1 claims)
Numeric hallucination detected for 3fa6fd86-3c8c-40cc-b2a2-32454576e586 (1 claims)
Numeric hallucination detected for 3394897c-c2ac-4abb-8dad-70d792cf52b5 (1 claims)
Numeric hallucination detected for 7074eb27-5248-4dfb-84a9-924e070f81ea (1 claims)
Numeric hallucination detected for 2aca6144-9877-416d-a7eb-413b604e45b7 (1 claims)
Numeric hallucination detected for 385a85b6-83b4-4c8e-ad82-2bb46f8a687a (1 claims)
Numeric hallucination detected for f9aa534e-0ffa-4b91-a2b5-56acb1650c13 (1 claims)
Numeric hallucination detected for 15a231d4-ef05-42cc-8e9f-f88489d47b8c (1 claims)
Numeric hallucination detected for 01211971-41a6-41dc-9b5d-b2fbbcc40be9 (1 claims)
Numeric hallucination detected for 5faf34d5-472c-45e7-9776-a1ac30e80c58 (1 claims)
Numeric hallucination detected for c08f7ae4-634a-4371-b3c9-f9c3080991b4 (1 claims)
Numeric hallucination detected for e3ffdd75-fc4b-4799-8d75-db1cf728accc (1 claims)
Numeric hallucination detected for 8ba2a6ca-d642-46a0-ab41-5131ac32c1f6 (1 claims)
Numeric hallucination detected for 5602d779-eded-4049-9121-6efcff69e1f2 (1 claims)
Numeric hallucination detected for c08e1fa0-cc7f-478c-8dde-95a2249eaf26 (1 claims)
Numeric hallucination detected for 314fc7f0-750d-473f-9b24-53cdfdc269bd (1 claims)
Numeric hallucination detected for 7a06fa24-f827-41b8-b67f-f5d815a255c6 (1 claims)
Numeric hallucination detected for 698481ac-06ed-46a1-9ee4-d368b2cc494c (1 claims)
Numeric hallucination detected for 765af502-ec27-4706-b166-1ba16556b34d (1 claims)
Numeric hallucination detected for 561ac9a2-30dd-45a2-8f1e-b3f6c8cba02b (1 claims)
Numeric hallucination detected for a1be1406-4142-4988-a19a-04e89062cfc2 (1 claims)
Numeric hallucination detected for 2684cb82-461c-4e90-952e-dd03642ee8c7 (1 claims)
Numeric hallucination detected for ae5a7f3f-0fc9-47de-9013-ccf4f8c07d3d (1 claims)
Numeric hallucination detected for d14ebbf3-8891-4149-b0c9-c9d5c7698e34 (1 claims)
Numeric hallucination detected for 7b3edcc5-0a6d-4bc8-8f7b-c67a595736fc (1 claims)
Numeric hallucination detected for badb6e0c-1ba9-4c04-9255-e01c076afd4e (1 claims)
Numeric hallucination detected for 6da461f9-8255-401d-9467-20bf4bb355ce (1 claims)
Numeric hallucination detected for 4a165b69-e137-49f2-a644-f7c8b7bdafef (1 claims)
Numeric hallucination detected for b6aec06e-20a3-4328-a8e9-9632dd7f2a66 (1 claims)
Numeric hallucination detected for fe7a540d-4b21-4e33-8deb-c9c40a2e325e (1 claims)
Numeric hallucination detected for 61eae824-e1c6-4476-b526-039c52ce6493 (1 claims)
Numeric hallucination detected for 9156daa7-20fb-4636-8b93-1ceeff4cd010 (1 claims)
Numeric hallucination detected for e92a8f77-7605-4938-b9c7-7e64f5909b1e (1 claims)
Numeric hallucination detected for bf83c410-433f-46c5-8c2c-6721bd53ad91 (1 claims)
Numeric hallucination detected for db0fb7ad-cc88-40ae-83e9-b09af69b24f3 (1 claims)
Numeric hallucination detected for a7176e68-13a4-4ad8-a6d7-d3f8acf48258 (1 claims)
Numeric hallucination detected for f975f128-5f02-4ef3-bc94-dc742dc36162 (1 claims)
Numeric hallucination detected for 2c36e95e-4f1f-44fd-b887-32be49dbd6ba (1 claims)
Numeric hallucination detected for 19281dfe-2ea4-4771-805f-074a0fb9099c (1 claims)
Numeric hallucination detected for 54bf0ead-e572-49d0-a815-b1b7abe1587c (1 claims)
Numeric hallucination detected for 78a92e56-ce22-460e-b076-96d4ccbccd11 (1 claims)
Numeric hallucination detected for fd7e6477-e946-4508-b1a8-2d9f0cf59bb0 (1 claims)
Numeric hallucination detected for 3f0303a8-dc16-4427-8a30-b1677c75a027 (1 claims)
Numeric hallucination detected for 84ffb841-8b4b-4c07-99b4-0a9b0b2ea08f (1 claims)
Numeric hallucination detected for b7391c90-aabe-4e91-b0b4-0075f0b94525 (1 claims)
Numeric hallucination detected for ddc4103f-00bf-40aa-ac4d-21cfe34f43e6 (1 claims)
Numeric hallucination detected for 2b22e892-03ce-4d53-b7f0-744f24f95c59 (1 claims)
Numeric hallucination detected for d47a866f-7897-479a-8e6f-41e687f6b5f6 (1 claims)
Numeric hallucination detected for 0de8b3c0-563f-4f15-a011-8199314a57c9 (1 claims)
Numeric hallucination detected for 74c24714-5fbc-4580-827a-1ebcb250d059 (1 claims)
Numeric hallucination detected for 98170ea0-c153-4417-94c2-71d43b34c39a (1 claims)
Numeric hallucination detected for a5fb5c87-bf2f-4bd5-bfe2-b78ff6a3e488 (1 claims)
Numeric hallucination detected for b74e1d37-3398-45df-a735-29bd2c1a11c2 (1 claims)
Numeric hallucination detected for a6350cb5-7669-45b9-ab68-a6ad98338b98 (1 claims)
Numeric hallucination detected for 05367c38-c0ee-4746-a876-71bf36144d55 (1 claims)
Numeric hallucination detected for b5dd4c4b-2e54-4a32-8414-f3f847e9d99e (1 claims)
Numeric hallucination detected for 718abfab-f5e1-44c3-be50-9b341cd7e397 (1 claims)
Numeric hallucination detected for 828d643a-e865-4bd6-86b2-cc8f98a5d253 (1 claims)
Numeric hallucination detected for 4f1070dd-879c-4eaa-b328-807f8b0476ec (1 claims)
Numeric hallucination detected for c5d4c880-689a-4141-bc3f-951b256ab969 (1 claims)
Numeric hallucination detected for 3fc57b1d-a5a1-49d8-a8ce-e60e40e3da89 (1 claims)
Numeric hallucination detected for 07788e8d-abef-4ec1-bf09-b9f47576e1ef (1 claims)
Numeric hallucination detected for 3ad90692-1398-4b1e-82f4-d26bb12a923b (1 claims)
Numeric hallucination detected for 01ddad84-a6b5-4dbf-af46-4a94c8edd648 (1 claims)
Numeric hallucination detected for 77df6535-27b7-4764-a829-085320b663d3 (1 claims)
Numeric hallucination detected for bd17a473-644f-473c-856e-fa1af56c9b51 (1 claims)
Numeric hallucination detected for 139ce967-badc-4cf9-bfdc-30ef7f1c5a94 (1 claims)
Numeric hallucination detected for f01708d2-406c-4ff6-9f07-365f05fa97c2 (1 claims)
Numeric hallucination detected for 9bc01b91-8863-4fc9-b0a5-27fb66ac62d4 (1 claims)
Numeric hallucination detected for b998ab8d-779e-46e4-bf41-c0f59c22c301 (1 claims)
Numeric hallucination detected for a97870d7-f03d-497f-a9f1-9068182c8412 (1 claims)
Numeric hallucination detected for 5ff79f7d-4bf8-4b86-bcfc-76873700f971 (1 claims)
Numeric hallucination detected for cc49031b-078c-4094-acca-332cab9641c6 (1 claims)
Numeric hallucination detected for 3bda9fde-5a58-40a7-853c-006f18ad0fbe (1 claims)
Numeric hallucination detected for 6aef844d-83f1-4f95-bf22-334f3d941816 (1 claims)
Numeric hallucination detected for 534d9e44-5b28-4271-80eb-ad4d4e72de25 (1 claims)
Numeric hallucination detected for 11eb2208-b6d8-4b37-a9a4-c7143090d14f (1 claims)
Numeric hallucination detected for b1e61e7a-81c8-4c0b-a9e1-01b9b2cc773e (1 claims)
Numeric hallucination detected for 56ab2edb-eace-4b50-b820-b8eb274e36a6 (1 claims)
Numeric hallucination detected for ba7439a4-dee9-4dcb-a0df-27a7b4ba63e6 (1 claims)
Numeric hallucination detected for 51652cf8-0464-4e63-897e-251ac8c28156 (1 claims)
Numeric hallucination detected for b388c464-a7f0-4f90-8aa8-c5050dce2f00 (1 claims)
Numeric hallucination detected for 672b3655-3598-46fb-b26b-d89f6b4d0b8c (1 claims)
Numeric hallucination detected for b83b9159-a464-4a9d-9bdd-d2d1b7cf7767 (1 claims)
Numeric hallucination detected for d775a159-eb93-4dde-8d66-40cb11416e5a (1 claims)
Numeric hallucination detected for 4620811e-f1f2-4069-bda2-95b89ee8e367 (1 claims)
Numeric hallucination detected for 3b8e9358-5cfe-494f-ba1a-493828a2e128 (1 claims)
Numeric hallucination detected for b4af3265-8b79-4766-a05d-f7bbc12d3212 (1 claims)
Numeric hallucination detected for 060c9068-3abc-4a59-9b89-2e0457ef36f2 (1 claims)
Numeric hallucination detected for c58b71d7-2902-4c2b-a9a8-220bc16670f0 (1 claims)
Numeric hallucination detected for c46f72aa-bf30-43bd-99db-79c5739d67b5 (1 claims)
Numeric hallucination detected for cb666a91-0556-4877-aa94-af4859dccb44 (1 claims)
Numeric hallucination detected for b9f80b6a-d666-4f88-bcf9-0f4241292f11 (1 claims)
Numeric hallucination detected for f1fb1f34-7df6-4ac4-82a6-eb704cc8c136 (1 claims)
Numeric hallucination detected for 2fabb70c-050f-43e2-ab8d-f688c46df2fc (1 claims)
Numeric hallucination detected for 0de8f78b-4397-487c-9604-ab90df665651 (1 claims)
Numeric hallucination detected for e7b622d5-1ca5-4f28-8efa-3e53f9490830 (1 claims)
Numeric hallucination detected for 494b69d8-915f-4e71-8ce5-d8f0a6dc9c70 (1 claims)
Numeric hallucination detected for 57e34350-ee36-4b9c-9955-6d7f20b5caba (1 claims)
Numeric hallucination detected for 11b5eb91-8a3f-4f3c-a909-0f170702f487 (1 claims)
Numeric hallucination detected for 62d60ee7-d076-4bec-978c-54d0acdeba2b (1 claims)
Numeric hallucination detected for a4e1db52-d2a9-41c0-b6d0-d7af4eaeda13 (1 claims)
Numeric hallucination detected for 3ff00ebb-a988-4d7b-9163-e4d2ef603e93 (1 claims)
Numeric hallucination detected for e7f3a548-8087-4719-ae6b-b0b213d18e99 (1 claims)
Numeric hallucination detected for 38ffe921-2f93-4e9d-9a1f-3c09a975d330 (1 claims)
Numeric hallucination detected for d331f6c1-631d-41ff-9207-5af443bac1ea (1 claims)
Numeric hallucination detected for f23dfaf9-aee6-428b-920f-add10a491cf7 (1 claims)
Numeric hallucination detected for ea57a5e2-e1d3-4b6c-878b-81d3f5f67e8d (1 claims)
Numeric hallucination detected for f3b10863-fb3e-407d-b7e9-e776014abc73 (1 claims)
Numeric hallucination detected for 91876ab8-e4d1-4fb6-8133-d97d90abd5da (1 claims)
Numeric hallucination detected for 4d9b4655-3eb0-4b57-92b4-a3e116c8fea1 (1 claims)
Numeric hallucination detected for fd9b4bc6-efb2-489d-844b-d67dca4e4346 (1 claims)
Numeric hallucination detected for f70c4e36-8514-409c-b1bf-ba79cd82c3ff (1 claims)
Numeric hallucination detected for 3abf811f-425d-4e77-9296-c1a41850bb6a (1 claims)
Numeric hallucination detected for c212e772-fe9a-427c-b3a4-8e893965ca41 (1 claims)
Numeric hallucination detected for 6b4a557e-b583-4a1e-b127-6b1fce92449a (1 claims)
Numeric hallucination detected for 4a6ce9ed-740e-4d62-9f66-7ac0fbbf890c (1 claims)
Numeric hallucination detected for 073820bd-cf6e-4f83-8b18-d23cdbf9420c (1 claims)
Numeric hallucination detected for 6c6f4c7a-64a5-4e27-a46e-3d0b3c874491 (1 claims)
Numeric hallucination detected for ef66d092-1747-47b1-9728-4f247f8a650c (1 claims)
Numeric hallucination detected for 981dc49a-8199-4e8c-8d5b-99e4036cb11d (1 claims)
Numeric hallucination detected for a43db1f0-4ce7-4bb8-a4de-594be5c53894 (1 claims)
Numeric hallucination detected for 82339353-3910-4290-8b83-f7f4a06fbb7b (1 claims)
Numeric hallucination detected for 0c6f0d9e-d158-4661-8048-24487b8826a1 (1 claims)
Numeric hallucination detected for f2672a3a-d19b-4cb7-a907-df20d1dce813 (1 claims)
Numeric hallucination detected for 3899b35f-4805-4019-b4ab-813c5fe8b003 (1 claims)
Numeric hallucination detected for 6b034e2d-31c4-455d-94db-e3877a7512d1 (1 claims)
Numeric hallucination detected for 1bcbd74f-ae37-4b24-9880-588c12f8c0d4 (1 claims)
Numeric hallucination detected for 3b90ced4-28fb-423d-8266-51568f12de7c (1 claims)
Numeric hallucination detected for 7d4d8860-d1b0-4218-9584-5ce5391855b3 (1 claims)
Numeric hallucination detected for ddae3f90-8667-4490-9aa1-4e8cb04c1812 (1 claims)
Numeric hallucination detected for 90302770-5d21-4cb2-a8b0-0853e1685c94 (1 claims)
Numeric hallucination detected for b617a4fd-56dd-4e2a-9559-cc0029f051b4 (1 claims)
Numeric hallucination detected for 9eac268c-8854-4de7-aa7d-68061b29e10f (1 claims)
Numeric hallucination detected for e4a61088-3f69-4357-8500-ec4a1bf9cb01 (1 claims)
Numeric hallucination detected for 636e65fa-9f5f-4876-a5d9-f2863dab35d0 (1 claims)
Numeric hallucination detected for 61a5a430-26a2-4c1a-a1ac-ce68a026a3a7 (1 claims)
Numeric hallucination detected for 3a122269-2ac9-44ed-81e6-88b40b82590b (1 claims)
Numeric hallucination detected for b1b3a9e0-e143-4a03-b889-003407bd9e50 (1 claims)
Numeric hallucination detected for 84fd6900-0c14-47cc-bb75-0c88d73b76c5 (1 claims)
Numeric hallucination detected for a47c81e6-2e13-438a-9aae-5fa6cb0a21d6 (1 claims)
Numeric hallucination detected for cb9f6d65-8b8a-40a1-83ab-5e9d774acd65 (1 claims)
Numeric hallucination detected for 9745615f-71a1-484d-855d-74f833bde29b (1 claims)
Numeric hallucination detected for 741e3790-4e69-4d31-91f1-22389d9d6476 (1 claims)
Numeric hallucination detected for a4fbfe9e-74dc-49df-a7f9-ccee3e194ea9 (1 claims)
Numeric hallucination detected for 95387a43-1912-4df0-a850-807fd969d7b9 (1 claims)
Numeric hallucination detected for dc42e071-7259-4b01-8c6d-0448e11b00e9 (1 claims)
Numeric hallucination detected for 19e74d53-85fc-4b67-a766-45bc3aa87a03 (1 claims)
Numeric hallucination detected for bbc1541a-9af7-497e-8bbb-154149dd545a (1 claims)
Numeric hallucination detected for 2c629a84-ae63-4416-bb4c-ab14d9928bf1 (1 claims)
Numeric hallucination detected for ca7b013e-9bbf-49b5-a35f-95a3483b1360 (1 claims)
Numeric hallucination detected for cd94348e-f7ec-465c-9afc-da1c9d7db8ed (1 claims)
Numeric hallucination detected for 1287aa09-a446-4e0d-9bef-4c65eed301a9 (1 claims)
Numeric hallucination detected for cf730482-0e32-4092-8724-2fa39dfa5fdc (1 claims)
Numeric hallucination detected for c6a390a7-8114-4376-8870-6d6f33557ce6 (1 claims)
Numeric hallucination detected for 18e98fb0-0803-4ef8-8053-4a648a5d9c6f (1 claims)
Numeric hallucination detected for cd1bcaa9-a597-4626-b00d-f188d12c93a9 (1 claims)
Numeric hallucination detected for f6065968-f9fa-43a9-8ff4-0e61c6f45b44 (1 claims)
Numeric hallucination detected for bfbd05e8-3dee-4d48-ac80-b019b14ee1a2 (1 claims)
Numeric hallucination detected for 2f98b5d3-7dc5-445b-9b33-dc8b84211782 (1 claims)
Numeric hallucination detected for 7fd1a0c9-a888-4522-a984-f4f67b79938c (1 claims)
Numeric hallucination detected for 57a9e174-fcb0-4718-bd4d-ed6a6b20c8a0 (1 claims)
Numeric hallucination detected for ddf4c67f-7866-47a1-83c5-094cd353818b (1 claims)
Numeric hallucination detected for cbcd6fcd-f87f-4129-b73a-7c88d115fc96 (1 claims)
Numeric hallucination detected for c37124fa-8144-463d-a2a6-4dd09f70d7d8 (1 claims)
Numeric hallucination detected for 71afff49-66ff-4fdc-b3ba-2f696d9e8a72 (1 claims)
Numeric hallucination detected for 54f99206-1461-4ab7-92e8-c8795beb6564 (1 claims)
Numeric hallucination detected for 8d74d4d6-8631-4da0-add6-0a6b14959fb1 (1 claims)
Numeric hallucination detected for c7ed4e6d-349d-4da9-9cfc-255e130bdeb2 (1 claims)
Numeric hallucination detected for b4a7a452-ae74-4309-a44c-0aaccd9384b1 (1 claims)
Numeric hallucination detected for 01b46c46-d699-4316-9753-7cc037d4748b (1 claims)
Numeric hallucination detected for 7e407f8d-0db4-43a2-8fd2-18bdafbd45a6 (1 claims)
Numeric hallucination detected for 984ebf94-ab63-406e-9cf8-54747e19b2af (1 claims)
Numeric hallucination detected for 1aed5a12-492c-45ff-9149-e26ef2d84dcc (1 claims)
Numeric hallucination detected for e0820dfd-cd5b-45a2-8cb3-9b419f1af04c (1 claims)
Numeric hallucination detected for 0be33a04-ac7e-46bd-8983-52a839e5f956 (1 claims)
Numeric hallucination detected for be4da419-fc84-4795-9258-7726e21211e2 (1 claims)
Numeric hallucination detected for 75852ff9-b45f-417d-b6c1-1dd487eb1f81 (1 claims)
Numeric hallucination detected for 4eb883ff-e9e5-464d-8674-a44211fcc941 (1 claims)
Numeric hallucination detected for 7f4e32a2-5bb1-4d59-bb99-3829f99d7f52 (1 claims)
Numeric hallucination detected for 46fbdee5-1d3e-4498-918a-818a5f0e5354 (1 claims)
Numeric hallucination detected for fd8f19cd-b44b-4ba2-b94b-c031d6198b0e (1 claims)
Numeric hallucination detected for 99da2a15-c0ca-42fe-9219-cd1719567405 (1 claims)
Numeric hallucination detected for b1286b0d-d953-418f-b0ab-b9c7ad8d3351 (1 claims)
Numeric hallucination detected for fc3213dd-c594-4384-9120-76e9d22f3a2d (1 claims)
Numeric hallucination detected for 815c0a64-9216-4631-aaf2-b0fa4f0d9534 (1 claims)
Numeric hallucination detected for 0a7708ac-adf0-4951-afeb-6c99ec12a643 (1 claims)
Numeric hallucination detected for 4b9e7a96-4119-4837-9130-c03c247b7a3b (1 claims)
Numeric hallucination detected for 6b4d498c-2e3c-41df-b18b-f7fa9785cbef (1 claims)
Numeric hallucination detected for 0626b81a-f2bf-4c75-980b-b71f7b21df76 (1 claims)
Numeric hallucination detected for e9d9e69b-d914-4246-8bfe-e086eceb77de (1 claims)
Numeric hallucination detected for 7391b1e9-ba89-494e-931b-0d7433e5d437 (1 claims)
Numeric hallucination detected for b3dbdf17-6eb1-499e-90f9-3fd2691e6c5a (1 claims)
Numeric hallucination detected for 474fe0ee-73a7-49c7-b8be-acf56c006295 (1 claims)
Numeric hallucination detected for 99afc66e-c5c2-4e9d-a98c-4bac1df43f60 (1 claims)
Numeric hallucination detected for d4262f5e-b0a4-4a66-8b10-34179b96ec1c (1 claims)
Numeric hallucination detected for 795a70cc-7bd1-4e6f-86fd-9de762018f79 (1 claims)
Numeric hallucination detected for 3e565713-a138-440b-bfe5-726a6da97b01 (1 claims)
Numeric hallucination detected for ddddc7e1-7a3b-48ff-a9f6-aea12ec6874c (1 claims)
Numeric hallucination detected for ad8bcdd2-26c1-446d-94a9-195a6d9bc2bc (1 claims)
Numeric hallucination detected for a6467890-723e-403d-a358-d9de4594eca6 (1 claims)
Numeric hallucination detected for 56d1a05e-55fd-4660-9c6b-96784d8ccde0 (1 claims)
Numeric hallucination detected for 2b3816f6-f51f-4982-9002-affee831155c (1 claims)
Numeric hallucination detected for 12b9db69-c793-4338-968c-eaa9287051c6 (1 claims)
Numeric hallucination detected for 0d80002f-7bc0-4e1c-8245-51fe37a2d6de (1 claims)
Numeric hallucination detected for 1a561211-282b-41c7-92e5-5662beb2610f (1 claims)
Numeric hallucination detected for 62d7ac93-78ad-4670-95ea-1a2b285f1045 (1 claims)
Numeric hallucination detected for be962da7-1157-4cae-9329-cd81542d3924 (1 claims)
Numeric hallucination detected for 2c360697-fff9-440a-9a75-aafaa6db049f (1 claims)
Numeric hallucination detected for de203c8e-ca90-484c-950b-3e74d664b923 (1 claims)
Numeric hallucination detected for 328e01ed-1a5a-44e6-84a5-64917234b5de (1 claims)
Numeric hallucination detected for e38b4aed-da5f-4654-8d4e-07eff85db34c (1 claims)
Numeric hallucination detected for e6d66088-0f6b-4532-8865-e08fe1d0d123 (1 claims)
Numeric hallucination detected for 670c5cdf-b565-4f61-8c9e-2c4816785f84 (1 claims)
Numeric hallucination detected for b5786944-72bf-456a-a1e5-004f7d231e59 (1 claims)
Numeric hallucination detected for 70a8fee4-b827-458c-bdec-feb80463845a (1 claims)
Numeric hallucination detected for 97a9c9f7-9b70-43c7-9aea-0d04fb3922a9 (1 claims)
Numeric hallucination detected for e30360d5-b403-4f65-a129-a6ce6a8af199 (1 claims)
Numeric hallucination detected for a3ac97e6-25ed-4236-af93-2f6e3c7d4e82 (1 claims)
Numeric hallucination detected for 3e174c2a-1b8c-47e6-83bd-782412d25fa1 (1 claims)
Numeric hallucination detected for a3d1da4e-39cd-471c-a08d-7cddfda98466 (1 claims)
Numeric hallucination detected for 372e18c7-1333-4d08-b4cf-96ec3531fbf9 (1 claims)
Numeric hallucination detected for c85bd877-b18c-4257-9e60-bf8089501047 (1 claims)
Numeric hallucination detected for c720e518-cf3a-4590-a4a2-de3753202d04 (1 claims)
Numeric hallucination detected for a7866fa2-6dd4-45ad-9dfe-924806395d65 (1 claims)
Numeric hallucination detected for b64ae6f8-249d-4965-bae3-f12be3806f4f (1 claims)
Numeric hallucination detected for 99ae602d-f662-4c2e-b6e2-a49c943438ad (1 claims)
Numeric hallucination detected for 173ca98f-b573-4e15-98ef-bd3ebc40bcdd (1 claims)
Numeric hallucination detected for 75ac2625-157b-438e-8fd4-2194253b485b (1 claims)
Numeric hallucination detected for b02af24f-82a8-4384-8ed4-8cfe283ce24f (1 claims)
Numeric hallucination detected for 10305ed6-8706-4c88-aa9a-1d433cc3ce46 (1 claims)
Numeric hallucination detected for d25696dd-bc3a-4230-a913-b62ee4808512 (1 claims)
Numeric hallucination detected for 38965c01-1461-44d0-9924-edcea66b18fe (1 claims)
Numeric hallucination detected for 7b246702-7262-4ff5-90a9-343439c14a9f (1 claims)
Numeric hallucination detected for 8d5e52a2-158e-487d-b8d7-73e0e892402b (1 claims)
Numeric hallucination detected for 5d158e2f-d502-4dc1-a163-17cbe6fa0ced (1 claims)
Numeric hallucination detected for 1264fc52-8877-4ff6-b13e-cab4e1a907c6 (1 claims)
Numeric hallucination detected for c87ffc9a-81c6-47b4-8280-f37ab7cf306d (1 claims)
Numeric hallucination detected for 56a9cb19-a622-4b7a-95fc-e300239de216 (1 claims)
Numeric hallucination detected for 8ae2ead2-083b-43f1-a28b-9895e344d564 (1 claims)
Numeric hallucination detected for ac2995dd-bc68-439f-868f-66943983f91e (1 claims)
Numeric hallucination detected for 050c916f-9d5e-4f05-9420-50d170f70e4d (1 claims)
Numeric hallucination detected for d2106fa5-02b8-45b5-abf7-538367c7f6ef (1 claims)
Numeric hallucination detected for f1bdb006-2dca-4921-8bc2-e877bad69734 (1 claims)
Numeric hallucination detected for 7625df4a-4d41-4818-a659-06dec889225c (1 claims)
Numeric hallucination detected for af8a44f8-59a6-4bd4-9749-7186d1078fb7 (1 claims)
Numeric hallucination detected for c414cd7f-4bc3-48c6-a093-79ad3b1f98ea (1 claims)
Numeric hallucination detected for 696c6474-a323-4bbc-80c2-e61231777636 (1 claims)
Numeric hallucination detected for 48984c42-2094-4f2a-8621-bf8af2f7bf2a (1 claims)
Numeric hallucination detected for 5a213e53-332b-454d-a58b-5f49649cbc1d (1 claims)
Numeric hallucination detected for 2faf1ad2-aff6-48c2-aab1-9ebc52e9ce50 (1 claims)
Numeric hallucination detected for 33f89482-9727-4ff0-adb1-c13ba064e459 (1 claims)
Numeric hallucination detected for 7f322c24-a737-436d-8dd6-c8c3984466ad (1 claims)
Numeric hallucination detected for 6b93594b-8384-4759-ac3e-24d0cb03e9d3 (1 claims)
Numeric hallucination detected for 2882e876-eaba-4e07-9943-3d3cbd700fa7 (1 claims)
Numeric hallucination detected for 1b6a26bf-0707-40d4-9c13-f8b61fbc9171 (1 claims)
Numeric hallucination detected for c1a59104-0e31-4b62-92cb-4bc5317c02ba (1 claims)
Numeric hallucination detected for a59ce9e9-830a-4ef8-9b0e-97ed7b1c73d7 (1 claims)
Numeric hallucination detected for b9e5660b-0953-44e7-98fa-233c15642f30 (1 claims)
Numeric hallucination detected for d98e2dc5-d456-42a7-8dff-746f5ef672cd (1 claims)
Numeric hallucination detected for b35654e1-6e09-46c3-961b-7200f774e338 (1 claims)
Numeric hallucination detected for fe9bdc7e-015b-474c-899d-824627aa483b (1 claims)
Numeric hallucination detected for 6bb69166-262e-4d0d-b797-875e0b946d78 (1 claims)
Numeric hallucination detected for 55777f09-e132-4ad2-a797-5ae607faf5dc (1 claims)
Numeric hallucination detected for 2a0b3d96-98c1-4b83-98ac-f9947694fec4 (1 claims)
Numeric hallucination detected for 493c94f1-df63-4201-882a-2172003d9de7 (1 claims)
Numeric hallucination detected for de3152ef-3744-4c5b-a2d6-d4427a154d74 (1 claims)
Numeric hallucination detected for 94102a35-5f54-49b4-aed1-983918d32ead (1 claims)
Numeric hallucination detected for 293a335e-c1d4-471c-ac4e-fae50f0da1e1 (1 claims)
Numeric hallucination detected for cdf94dbd-f361-4b47-8d28-cf6a48ee9054 (1 claims)
Numeric hallucination detected for feee26af-9c31-487b-9739-51b46fcddf15 (1 claims)
Numeric hallucination detected for 78c8f23b-f973-4164-8ba6-45c27169ece0 (1 claims)
Numeric hallucination detected for edbce762-7f52-46e9-afc6-86de53e20bac (1 claims)
Numeric hallucination detected for 5e117bd8-c2e9-4fbb-9793-75eb113848f5 (1 claims)
Numeric hallucination detected for 049e6102-9ce0-44ae-945f-fd2c3f8ed304 (1 claims)
Numeric hallucination detected for a109bc5d-2080-405d-8337-353fc84315cb (1 claims)
Numeric hallucination detected for 653422a2-eb2e-4f18-96b7-679bd6a0e5fe (1 claims)
Numeric hallucination detected for 622a3f98-a1f8-4b94-a92d-9d8bda641b24 (1 claims)
Numeric hallucination detected for 9c738ce0-9f44-4fed-a4ab-04a78486f2ba (1 claims)
Numeric hallucination detected for 1e3a02a0-467f-43b8-9b6d-5b1748961b45 (1 claims)
Numeric hallucination detected for 7f812e13-1c87-4ab3-94b7-8f66616a0663 (1 claims)
Numeric hallucination detected for a48ec059-78c8-498b-8540-02cd2b03af08 (1 claims)
Numeric hallucination detected for 2c0542e0-b024-4e75-bc4e-487e375ee4d5 (1 claims)
Numeric hallucination detected for a3f55532-9118-44ed-abcb-df9212b0c434 (1 claims)
Numeric hallucination detected for d49d6cee-c4e2-4eea-a81a-30640f387e4d (1 claims)
Numeric hallucination detected for da1a181b-42c4-4721-9765-e3f5cc833af8 (1 claims)
Numeric hallucination detected for 1a1b9e4e-628a-4615-ace3-54dd3157ba73 (1 claims)
Numeric hallucination detected for 748cbd7e-53e7-4f75-95c9-9f2615dffb8f (1 claims)
Numeric hallucination detected for c2710c28-c20e-4f17-b5dd-cd3c6db4de13 (1 claims)
Numeric hallucination detected for 3c8ae414-47db-4e63-93b4-35b9ee1b06a9 (1 claims)
Numeric hallucination detected for c08286ca-25ea-4878-818f-c3e4f0e23155 (1 claims)
Numeric hallucination detected for cff3db32-9e59-4fce-90a2-75667f658f6a (1 claims)
Numeric hallucination detected for 6a4154cd-d588-48c2-b6d0-a7a2f62eb671 (1 claims)
Numeric hallucination detected for c865edbf-e108-4f95-a65c-1c8642dd5920 (1 claims)
Numeric hallucination detected for 07e1d52a-f029-4357-83ed-220e13c2e3fa (1 claims)
Numeric hallucination detected for 1e4eb7b9-5778-412c-b518-019a53a69248 (1 claims)
Numeric hallucination detected for 2f45a8ae-6d0f-4bca-b7c3-5f434d6d5f0e (1 claims)
Numeric hallucination detected for e89e4386-f837-41c5-b2fa-beeb3c8f8591 (1 claims)
Numeric hallucination detected for 2208ee57-6f92-4f36-b998-8a8f079bf6de (1 claims)
Numeric hallucination detected for 18151d43-2a85-4db0-b437-80f152129fae (1 claims)
Numeric hallucination detected for 14483555-9816-481d-9e4e-c976c49e48ef (1 claims)
Numeric hallucination detected for eada4071-f3cc-4e66-b24c-660c54047e0f (1 claims)
Numeric hallucination detected for d85660bd-4e07-44fe-be57-f7e85883bfe4 (1 claims)
Numeric hallucination detected for ccacdf0b-39f1-4822-9e86-ac67f2e2300a (1 claims)
Numeric hallucination detected for 2dabdb67-453c-43ee-a97c-5e2151970298 (1 claims)
Numeric hallucination detected for 50dab78c-a80f-4889-927f-a167f6f578eb (1 claims)
Numeric hallucination detected for de11d689-ba3d-4ef6-b9c9-3799c66a7f0b (1 claims)
Numeric hallucination detected for e7efd0dd-a3d1-48d2-aac9-8e58176c6548 (1 claims)
Numeric hallucination detected for 4b582558-629d-409e-9321-d34a3e8dd3f9 (1 claims)
Numeric hallucination detected for 605c77d7-4f8d-4491-b077-165b78d85564 (1 claims)
Numeric hallucination detected for ddc74908-ead2-4171-b335-2ce6cd94259a (1 claims)
Numeric hallucination detected for fb486d5f-5343-49f5-a015-1da98a1896a8 (1 claims)
Numeric hallucination detected for e7c869cc-f845-404d-a9e4-eaea8c96c4da (1 claims)
Numeric hallucination detected for 7bb9abf7-d53c-4dfe-84bb-e8acf84af70a (1 claims)
Numeric hallucination detected for e94dfc9a-b818-4f89-8729-db89341b298c (1 claims)
Numeric hallucination detected for 0ca40c00-c787-446c-9ae7-28b4df1b4be2 (1 claims)
Numeric hallucination detected for 2df11946-6481-48a9-8497-f271ed6494e3 (1 claims)
Numeric hallucination detected for 98234a4d-b4fb-43d3-a9e8-2b0250b9a0ee (1 claims)
Numeric hallucination detected for 65b43c61-9d7f-4cc8-97d9-2437b9a15785 (1 claims)
Numeric hallucination detected for e4c2f3f6-25e7-4ef1-85d4-99f3b0f8a2b0 (1 claims)
Numeric hallucination detected for 5bec55ce-50f0-422b-98e4-bd0c580f2831 (1 claims)
Numeric hallucination detected for 6d1a3985-9f71-47e0-9cba-82a06167e4f8 (1 claims)
Numeric hallucination detected for 83a77432-155b-43e9-b8b5-8594d10dff03 (1 claims)
Numeric hallucination detected for a50227e7-9203-4b12-9c74-df4058721f91 (1 claims)
Numeric hallucination detected for f5493f46-47ef-4cbc-8143-89a5910f5e95 (1 claims)
Numeric hallucination detected for 95fa16f7-156f-46c9-8fba-749787ace179 (1 claims)
Numeric hallucination detected for 23ed46e8-769a-4455-9b01-e37432a0f305 (1 claims)
Numeric hallucination detected for 37cf0829-8c6f-49fc-9251-ed23e7ad4741 (1 claims)
Numeric hallucination detected for bc2741ca-81ad-4fc7-b896-fc314a4ab162 (1 claims)
Numeric hallucination detected for d39baf8e-b231-41ee-83f4-d97dad39d1f0 (1 claims)
Numeric hallucination detected for 93eaf15f-755c-46ad-92e3-e5619ffa2b63 (1 claims)
Numeric hallucination detected for 59958f7c-8dbd-49f2-b5fb-16f0e8cc8bc3 (1 claims)
Numeric hallucination detected for c2d7a715-af32-4658-a750-25273fa26078 (1 claims)
Numeric hallucination detected for 0a103949-623e-47f2-8c86-40fda5f150c5 (1 claims)
Numeric hallucination detected for d1615795-18fe-444b-a950-2db90a9897f9 (1 claims)
Numeric hallucination detected for ab0399c1-1502-47d2-9303-5b906c3bedac (1 claims)
Numeric hallucination detected for 592b3b77-4fa6-47fa-8c6b-fdf4e3a2ad19 (1 claims)
Numeric hallucination detected for 60e6fcf2-e610-4314-b59d-08bf2f8c9bf0 (1 claims)
Numeric hallucination detected for 9bdff5d8-c948-459a-b9f6-205e8b4ef86b (1 claims)
Numeric hallucination detected for 23d950fb-e24c-4d5b-ba7a-e58a1590151f (1 claims)
Numeric hallucination detected for 6032ce32-6e6c-4d33-9655-96e791834cbc (1 claims)
Numeric hallucination detected for 4fc4d6b4-7505-492b-b290-9812ef9decc5 (1 claims)
Numeric hallucination detected for f3907e99-4f82-451f-8f5a-6f38b119aa80 (1 claims)
Numeric hallucination detected for a8c3c244-4156-4e5b-9cdf-b84ebfdbecf2 (1 claims)
Numeric hallucination detected for 064d79aa-cfe6-4488-ba3c-e6fd6b45d9ce (1 claims)
Numeric hallucination detected for c25fda49-8706-4ee5-8dc7-51728fda2d51 (1 claims)
Numeric hallucination detected for ab721cf0-d522-4b33-8121-f87c81e7165e (1 claims)
Numeric hallucination detected for 04559a97-8030-4830-9b3a-3b25c36f3a58 (1 claims)
Numeric hallucination detected for 71c560d4-0c57-4226-a88b-624ba291a891 (1 claims)
Numeric hallucination detected for 706b678b-e4d0-4821-a1fa-de880cd8139f (1 claims)
Numeric hallucination detected for 09b7fe2e-9bab-4a62-8341-2a5b047bc8a8 (1 claims)
Numeric hallucination detected for 56fce831-3ef8-4d15-ad2e-0980f445e6f6 (1 claims)
Numeric hallucination detected for c84a6d1f-78f8-4678-85b7-38580357839a (1 claims)
Numeric hallucination detected for cd1519f6-d75e-4fa5-bd11-e5a72633b024 (1 claims)
Numeric hallucination detected for 84788230-c627-419e-afb9-a21d1e12843c (1 claims)
Numeric hallucination detected for 4a37dac8-e416-4bfb-adbb-b4449ec4e1ec (1 claims)
Numeric hallucination detected for 733a6c28-9714-4033-92d2-40b409b8dc2c (1 claims)
Numeric hallucination detected for 81f16248-0cf1-4080-abec-371419b1b139 (1 claims)
Numeric hallucination detected for 6cdc0a19-0c2d-4bc1-850a-d151fca33846 (1 claims)
Numeric hallucination detected for 26e41b83-c11b-4136-86a4-5e0cfa09d32e (1 claims)
Numeric hallucination detected for 31f40a6e-140b-4b68-9857-d18692dddae7 (1 claims)
Numeric hallucination detected for 2e2e8674-f291-49ac-a7fc-93f50c6a4c11 (1 claims)
Numeric hallucination detected for ad70541c-486d-440e-83e5-87625cc1f0c2 (1 claims)
Numeric hallucination detected for 6ab73b17-91ac-4708-a7b9-108cb6de3ce2 (1 claims)
Numeric hallucination detected for 018657e9-c807-40cb-9623-7cac417f9481 (1 claims)
Numeric hallucination detected for 8b699de4-20ff-4c71-9473-aa67b4c82c08 (1 claims)
Numeric hallucination detected for 82af442c-7771-4fe9-b6b4-8bb4fd3f9905 (1 claims)
Numeric hallucination detected for d145b7aa-3e03-4b95-be4e-b5e078c57272 (1 claims)
Numeric hallucination detected for aa49bdc9-2f8c-4a49-9b67-d3312b4a6895 (1 claims)
Numeric hallucination detected for bfd43dce-7036-48ac-a0a7-d7f90090dbee (1 claims)
Numeric hallucination detected for 0d51106f-27d0-421a-90ab-9d7daa5989db (1 claims)
Numeric hallucination detected for fb8c58c9-caff-44e7-9a3e-6fc3dfcb41e4 (1 claims)
Numeric hallucination detected for ca1ab46c-66dd-42e6-a871-016edb98873d (1 claims)
Numeric hallucination detected for 2e506817-5abd-4d24-956c-d62ebda5f49f (1 claims)
Numeric hallucination detected for cbf8e1b1-dd70-416b-94e6-e76d27351aae (1 claims)
Numeric hallucination detected for 39196249-3ef3-4be1-b2a5-0b63b559f250 (1 claims)
Numeric hallucination detected for d0e48a28-99f7-4716-a802-08f155e3406d (1 claims)
Numeric hallucination detected for 160ed22b-dc9a-4da2-909f-f64d7aeafdc8 (1 claims)
Numeric hallucination detected for ce060dc4-d13f-4d93-87bd-1b477b5e5577 (1 claims)
Numeric hallucination detected for 22b578a6-8f18-45df-a088-f04e1c043952 (1 claims)
Numeric hallucination detected for e90ce0dd-38ca-43c3-8a22-fe99eb8065f2 (1 claims)
Numeric hallucination detected for 646e8f97-fec0-4ba3-989f-879047cd80aa (1 claims)
Numeric hallucination detected for 77df9985-2824-488c-8361-e593da9c94b0 (1 claims)
Numeric hallucination detected for 66858cbd-66cf-4773-b47a-4074dc7c2563 (1 claims)
Numeric hallucination detected for 85974620-2232-4201-aeb4-6693d4dbd3c7 (1 claims)
Numeric hallucination detected for 418923dd-61f9-498e-8931-cab2e9b0fce0 (1 claims)
Numeric hallucination detected for 1cdcfbd7-74db-41ea-ad1d-cfda985aa8c7 (1 claims)
Numeric hallucination detected for 8864f2eb-2517-41f8-bf28-a9c0995146f0 (1 claims)
Numeric hallucination detected for 90c6d5c2-72ab-4db8-bed8-d7201040913f (1 claims)
Numeric hallucination detected for b1182998-496d-4641-b151-2ac4288dba4b (1 claims)
Numeric hallucination detected for ff28dfb1-fd2b-423b-9751-b6f79ab8eb6d (1 claims)
Numeric hallucination detected for b8b33cfb-cb0c-470a-9b9d-f914607e8d04 (1 claims)
Numeric hallucination detected for 32edb543-bf92-4828-97a7-17ec3d2ab3a6 (1 claims)
Numeric hallucination detected for eaee9214-1dae-4f24-b8f1-ee3d89f9ca42 (1 claims)
Numeric hallucination detected for e9cc792d-509c-483e-96f4-43168cc82197 (1 claims)
Numeric hallucination detected for d1c1b63e-95aa-4d1a-bfd5-cc2b7a8068d3 (1 claims)
Numeric hallucination detected for 2cdb4bde-d49e-4cb7-8714-866b6da44cde (1 claims)
Numeric hallucination detected for 23c4a866-2cfb-49fe-929e-40878a3bb9db (1 claims)
Numeric hallucination detected for a8b4bc78-ae3e-42de-ad51-46a25623242c (1 claims)
Numeric hallucination detected for bf70f2ab-bc8a-4629-96bb-13d15aceb869 (1 claims)
Numeric hallucination detected for 37bf74c0-0ea2-4072-9181-3648a89e82bd (1 claims)
Numeric hallucination detected for ac47ecc2-687e-416b-9ef4-09f5a09cd1c0 (1 claims)
Numeric hallucination detected for dd669c02-183d-42f2-85be-7b576b73bffd (1 claims)
Numeric hallucination detected for a937a698-b378-4f15-a255-ba8d517fc5de (1 claims)
Numeric hallucination detected for e469dadc-b107-45e8-a7ea-244e4ebce7a2 (1 claims)
Numeric hallucination detected for 1b29e3ef-cd9f-4316-bd19-97d1a5f38871 (1 claims)
Numeric hallucination detected for f7d6b596-a927-4191-846f-c38c5655b35b (1 claims)
Numeric hallucination detected for 9e2d590e-e4fa-4805-8f61-51e732209f03 (1 claims)
Numeric hallucination detected for 421d9e45-284c-4667-8d11-0bfc402eb71e (1 claims)
Numeric hallucination detected for 71a4e555-77a8-4ba5-b565-9b7935831260 (1 claims)
Numeric hallucination detected for 0dea0d6f-16ea-4261-aa8a-6810e634bbad (1 claims)
Numeric hallucination detected for 6d05d82b-88f3-40a6-8c41-61bd42e1e32f (1 claims)
Numeric hallucination detected for 7620ecbd-9395-431a-baaf-d2348062c502 (1 claims)
Numeric hallucination detected for c2c7699e-9c6c-4a7e-946b-47ec5f41da97 (1 claims)
Numeric hallucination detected for e54ab044-b7f9-43df-acd9-1dcf096bef02 (1 claims)
Numeric hallucination detected for c034ba9d-9fe1-4fad-b28b-38071c6dd47e (1 claims)
Numeric hallucination detected for d8d23a6f-f6b9-4fd9-8ce6-3b662554e1a6 (1 claims)
Numeric hallucination detected for c272fa0e-9c9d-4fb8-8875-078985c28c03 (1 claims)
Numeric hallucination detected for b136ad44-1d68-4d85-9b04-5b6aa744b695 (1 claims)
Numeric hallucination detected for 8b08c5ca-e8a6-4f9d-bc39-f14e98cfd109 (1 claims)
Numeric hallucination detected for 0afd7b10-e0f5-429e-9177-833fcb27f439 (1 claims)
Numeric hallucination detected for 0dac82cf-0982-4c35-b34d-7b1a83e5a34a (1 claims)
Numeric hallucination detected for 3baf74e1-a8de-4268-a433-f82594b8eda2 (1 claims)
Numeric hallucination detected for b898c469-9e41-4a45-954c-3f644f4d0a5d (1 claims)
Numeric hallucination detected for b0cb18d3-d43c-4845-8e75-25ff448225ea (1 claims)
Numeric hallucination detected for d7d6931a-d2cb-4dfa-b723-6bbca9757e70 (1 claims)
Numeric hallucination detected for 908adcf7-8e70-46f9-b3cf-ece59bf6eaeb (1 claims)
Numeric hallucination detected for 3a15eb5d-3b31-4455-988c-05fff0c95cf8 (1 claims)
Numeric hallucination detected for 43122ec8-62b3-4a48-83c3-0b2d98c141d7 (1 claims)
Numeric hallucination detected for 876caaad-c580-42a6-a6f8-c4b865e9dfb9 (1 claims)
Numeric hallucination detected for a76b674e-ef57-467e-aba3-a9ba4152dc69 (1 claims)
Numeric hallucination detected for 48fb968d-f4ec-467c-91ed-4d9dda038c82 (1 claims)
Numeric hallucination detected for 2629a5ea-695f-4c21-b9ed-5471da06a154 (1 claims)
Numeric hallucination detected for 9886ace3-b59f-44db-b01c-e2ac3356fe87 (1 claims)
Numeric hallucination detected for 2e8e753e-a0cc-41d6-a07b-8cb3a0ea9e0c (1 claims)
Numeric hallucination detected for 7c3fe9f5-76f5-4474-9f95-8f862b37299e (1 claims)
Numeric hallucination detected for 632c2898-ba1e-4826-958f-8cb40460af2d (1 claims)
Numeric hallucination detected for a0ae3a97-da38-4807-b2d9-94878f3f6b3d (1 claims)
Numeric hallucination detected for 8989937f-23f2-458f-9898-b7b32df31234 (1 claims)
Numeric hallucination detected for 383f672e-cd07-451f-9766-fa4ae7ad1e66 (1 claims)
Numeric hallucination detected for 103f17ff-04d5-49ed-8f05-03178d382914 (1 claims)
Numeric hallucination detected for aeb72403-5963-4bb5-be5f-790ef5ef6575 (1 claims)
Numeric hallucination detected for 7d4594e2-4cac-4443-89a6-29705531e62a (1 claims)
Numeric hallucination detected for 1ca03b00-a00c-4015-b8a7-0fb9d023d0c2 (1 claims)
Numeric hallucination detected for 59fb9592-0475-4575-b647-19354c69e3fd (1 claims)
Numeric hallucination detected for 693de96b-a1d2-46d2-a366-9784d9b695ab (1 claims)
Numeric hallucination detected for b88f8c34-d786-4c21-9000-ed7fcef2da82 (1 claims)
Numeric hallucination detected for 882cdf41-3e18-4497-aa54-0a6d97d369df (1 claims)
Numeric hallucination detected for 40b3a74c-1aab-4b20-93fd-dd48dabc8819 (1 claims)
Numeric hallucination detected for c66a454d-0db7-42cd-abf2-66c9d65961a0 (1 claims)
Numeric hallucination detected for cc053e0f-ac56-453d-ba77-59ba4fd0fc5d (1 claims)
Numeric hallucination detected for 29138e53-6217-44c9-af88-f297dae14215 (1 claims)
Numeric hallucination detected for 466f9c97-33e3-415d-99e8-e2b42ab4d1e9 (1 claims)
Numeric hallucination detected for 76929b57-563f-4557-9b03-62a7b8e4f7fd (1 claims)
Numeric hallucination detected for 036a872d-f7ee-435a-8630-e39d3f12c5dd (1 claims)
Numeric hallucination detected for e4e22444-bc97-4ac6-89da-b3031dcef8d4 (1 claims)
Numeric hallucination detected for 6038b974-ac75-4b86-aa10-27460ff9280e (1 claims)
Numeric hallucination detected for 329d3040-c3a4-45ca-af70-1fec460644b2 (1 claims)
Numeric hallucination detected for d750e18b-4bf5-4849-bcda-6163feb21cf2 (1 claims)
Numeric hallucination detected for e04a7295-2578-4bad-8591-0fd429d345d0 (1 claims)
Numeric hallucination detected for 5136b149-0d80-4862-b244-5b3afa739905 (1 claims)
Numeric hallucination detected for a12c255d-1a20-44b9-b83b-e036b58e968d (1 claims)
Numeric hallucination detected for fb8feb75-028c-4d8c-bbfd-df1e9ad73987 (1 claims)
Numeric hallucination detected for bb121e62-4150-4d57-8daf-09b0da9e6f7d (1 claims)
Numeric hallucination detected for 279ba816-c77d-4b31-b045-595b3fce8a4c (1 claims)
Numeric hallucination detected for 847398f6-b2d8-4d18-8d7a-1b48480a3c71 (1 claims)
Numeric hallucination detected for ebb68ed4-0703-47f6-94fe-7e93ddb4edfd (1 claims)
Numeric hallucination detected for cd5b89a2-0477-4b1b-ad08-ae9b41aa8501 (1 claims)
Numeric hallucination detected for ab9c03b5-31bf-470b-a04f-c38c3678e541 (1 claims)
Numeric hallucination detected for 60cf812d-a587-427b-8667-6829525770dd (1 claims)
Numeric hallucination detected for a6c7eaaa-35a6-4fa7-9660-c4382cb91d99 (1 claims)
Numeric hallucination detected for a0532e58-547d-4b68-8f90-f8c3392186e1 (1 claims)
Numeric hallucination detected for 79f7abad-064a-4f05-b3a7-5f7df1f90366 (1 claims)
Numeric hallucination detected for ecad27ad-b9f8-423f-b130-38bab62b0eb7 (1 claims)
Numeric hallucination detected for 98f1ccf6-17aa-4694-b03d-786212968c7f (1 claims)
Numeric hallucination detected for 5d0068f4-b893-403f-a9f3-18881d9ce61e (1 claims)
Numeric hallucination detected for 6d196943-73b0-4111-8533-f7304b06c6ca (1 claims)
Numeric hallucination detected for ac480e25-2124-4e76-96b5-280943006d55 (1 claims)
Numeric hallucination detected for 70a53187-04bf-4d30-92e5-a9950ff694b6 (1 claims)
Numeric hallucination detected for 1780cb64-44f2-4607-b104-982826132b04 (1 claims)
Numeric hallucination detected for b0f6d2ea-cb94-43f7-8aa5-98efa2080ebb (1 claims)
Numeric hallucination detected for 58a54c33-dd76-44cc-8998-dd7e6b215317 (1 claims)
Numeric hallucination detected for 80d69f1b-cf96-4c2d-b544-77e51732f4b4 (1 claims)
Numeric hallucination detected for 29318a03-f094-4d57-8ece-55536de1009e (1 claims)
Numeric hallucination detected for 9078916b-c67f-470d-9326-5ce1a09b8986 (1 claims)
Numeric hallucination detected for 955b4abb-7b41-4b8b-80d1-1eb82fc7fb2b (1 claims)
Numeric hallucination detected for 1b0cd94f-60ec-4c50-8a39-b4fcbff6e463 (1 claims)
Numeric hallucination detected for 546f3e4f-a031-49f8-b9b5-8dfdf169caf2 (1 claims)
Numeric hallucination detected for c12bb812-21a0-4ed9-8d05-f04583ab4e1c (1 claims)
Numeric hallucination detected for 92475f02-7df6-424f-9bda-4350b2d35a5b (1 claims)
Numeric hallucination detected for 47fe1158-ec62-4594-bbae-53e1fedf7bb1 (1 claims)
Numeric hallucination detected for de4e17a0-c9c5-4920-a9a7-b52e504aadc4 (1 claims)
Numeric hallucination detected for 011545e8-3ad5-4fdd-a275-7b4e5df67e53 (1 claims)
Numeric hallucination detected for 6907590f-7623-44a0-a2c6-f5ce9d03f8fd (1 claims)
Numeric hallucination detected for 8ab7c001-d59f-43ad-a002-265a0228addc (1 claims)
Numeric hallucination detected for 1d65f372-3472-4788-a56a-52cd8540d900 (1 claims)
Numeric hallucination detected for a111be49-3f4c-4fae-925e-0615d83b866a (1 claims)
Numeric hallucination detected for 679786dd-5251-45f5-831e-5ccddeedf8ac (1 claims)
Numeric hallucination detected for 0e39d226-ebc1-4756-b4da-01aa88207ac6 (1 claims)
Numeric hallucination detected for 8fec7684-3eef-4349-9431-93b295851f02 (1 claims)
Numeric hallucination detected for dfc232d9-f669-4cf0-a7ea-b2288b01a793 (1 claims)
Numeric hallucination detected for c042c764-6e01-4e6a-b5a5-4a10895e7d04 (1 claims)
Numeric hallucination detected for 3a235a2d-382b-4bd8-8330-d611d9177195 (1 claims)
Numeric hallucination detected for 7a7f747a-96bb-492a-8f93-93365ded2627 (1 claims)
Numeric hallucination detected for ee46aa8e-966c-4dbc-aafb-7114472bd4be (1 claims)
Numeric hallucination detected for a65ed0f5-c4d8-4517-8c71-e7c55acb99e6 (1 claims)
Numeric hallucination detected for f75a0cf3-8bc3-4499-81de-bee0c8d0ea58 (1 claims)
Numeric hallucination detected for 26018fdd-792c-4ab4-b6ba-0fc1f80569d6 (1 claims)
Numeric hallucination detected for 1df8e5b5-94e5-4251-8499-57cbc87d25cb (1 claims)
Numeric hallucination detected for f77fddf5-d265-4f9e-8270-f13c94199677 (1 claims)
Numeric hallucination detected for cee053cc-1856-48a5-9823-6d7ccb2ab4d3 (1 claims)
Numeric hallucination detected for 175d6e32-b746-48eb-81cf-1e1922738c53 (1 claims)
Numeric hallucination detected for 792878cc-8ddf-48f5-9bb5-6dd37b5ab8f4 (1 claims)
Numeric hallucination detected for 8213cd39-27ce-4a04-b67c-ebf5d06b5565 (1 claims)
Numeric hallucination detected for bbd1b4bf-4260-49ac-9a7d-5afc7e88d480 (1 claims)
Numeric hallucination detected for 9b333363-c1f7-4906-8bc6-2ca9d4ff8818 (1 claims)
Numeric hallucination detected for 92295f3b-fbe8-4fa8-8c73-03be00671c7c (1 claims)
Numeric hallucination detected for 0af761fa-e4ba-4077-8510-6a14553ade48 (1 claims)
Numeric hallucination detected for d7dc80e0-fd40-4c8c-b026-4b812713717c (1 claims)
Numeric hallucination detected for 9250646d-89a9-4376-8d8a-d098218cdddb (1 claims)
Numeric hallucination detected for eadedc6f-0a83-4504-84ac-035abaaa334c (1 claims)
Numeric hallucination detected for 0ba714d4-a578-4e15-9801-44c7e53e2715 (1 claims)
Numeric hallucination detected for 64aea35d-8fd0-44d5-9e88-ce04b52923ad (1 claims)
Numeric hallucination detected for 47e57cb9-d303-43d9-a357-a2139c3bf467 (1 claims)
Numeric hallucination detected for bee0f482-a101-4fb3-83c8-7a4adfb59d5c (1 claims)
Numeric hallucination detected for 98cf9396-89b4-456b-8b55-c0a32d078092 (1 claims)
Numeric hallucination detected for 683569e4-8ae4-4145-a087-3253e6706e45 (1 claims)
Numeric hallucination detected for ab8505fe-80ee-4032-94fb-b1cf6ef7686c (1 claims)
Numeric hallucination detected for 8fa73d8c-f3c5-4f18-803f-f45f13a7f647 (1 claims)
Numeric hallucination detected for 268d0694-86dc-49c5-b681-5615c2f88ca9 (1 claims)
Numeric hallucination detected for 5d6cdabd-f5ff-4ba8-9382-082eaff2131f (1 claims)
Numeric hallucination detected for b8fc3ac9-d39f-4dc5-9ee4-ec57dd22c984 (1 claims)
Numeric hallucination detected for 4783bb5f-04b5-4f51-9f79-40996e679e1c (1 claims)
Numeric hallucination detected for a3747dac-9302-4a8a-8e65-a182f8e212fb (1 claims)
Numeric hallucination detected for 55292b87-a920-42c9-8e2e-04668b2a558c (1 claims)
Numeric hallucination detected for cbd193fd-88db-4218-9bc1-5f287c4e3eb7 (1 claims)
Numeric hallucination detected for bfbfa015-13d3-47dd-af7b-b52999adb253 (1 claims)
Numeric hallucination detected for 0a44627a-73e2-41cb-8d26-98832fbbd0b1 (1 claims)
Numeric hallucination detected for 7bf79d93-8ba0-4e74-9882-b622d812a203 (1 claims)
Numeric hallucination detected for 856b143f-0f57-4587-ace0-9dce9bc33c30 (1 claims)
Numeric hallucination detected for aba1380f-1a53-43c4-a2c5-99fd2022ce68 (1 claims)
Numeric hallucination detected for 403a2658-2556-4647-997f-1070bd5e66ef (1 claims)
Numeric hallucination detected for bdb3c0b9-be8d-4114-8f29-4cbff528f784 (1 claims)
Numeric hallucination detected for 3198c0a7-016e-4662-95c0-744bba47c71c (1 claims)
Numeric hallucination detected for 30b3cd54-b315-4163-a0c5-88b68da50dff (1 claims)
Numeric hallucination detected for be69dbda-5097-43a7-857c-ac64690b1f03 (1 claims)
Numeric hallucination detected for f33b5681-580c-46fb-be3a-189c6fde5789 (1 claims)
Numeric hallucination detected for 9853bc62-b4b8-488c-bf22-7bc26552b5fb (1 claims)
Numeric hallucination detected for 931983d5-05f1-43cb-8123-48f163935551 (1 claims)
Numeric hallucination detected for 44cf3191-b669-45ce-996f-6c87f56703b4 (1 claims)
Numeric hallucination detected for 9f99ccf1-4471-45a2-9b9d-75f0031b0355 (1 claims)
Numeric hallucination detected for 47dc2225-0aa6-4150-9f4c-effa9f064a89 (1 claims)
Numeric hallucination detected for bd59befb-fdf9-4dc0-bd6a-907f40337f34 (1 claims)
Numeric hallucination detected for cc8c4a9b-1221-4190-965e-b3802fdffc2c (1 claims)
Numeric hallucination detected for a4b5e5f5-d11c-4203-8f3f-53bace6097c1 (1 claims)
Numeric hallucination detected for 0118d060-007f-40ad-b23f-bb6daa31f0c0 (1 claims)
Numeric hallucination detected for 6caa2529-bab7-49d9-b6ac-cb7038aa6930 (1 claims)
Numeric hallucination detected for dc19f6d1-0a79-4232-a0e7-efb66f9bf9db (1 claims)
Numeric hallucination detected for 1a7b6086-ca88-4ae3-aa90-f5cb0c0a4a92 (1 claims)
Numeric hallucination detected for defbea63-a610-4950-b973-1eead67cdf6d (1 claims)
Numeric hallucination detected for 745c6455-0d98-4286-a0f7-46bc0d9580d6 (1 claims)
Numeric hallucination detected for 62d6d8f6-5b0b-41d5-919b-d2c11dcf82d2 (1 claims)
Numeric hallucination detected for 4a30fda1-fd4a-4960-8602-e6816527396a (1 claims)
Numeric hallucination detected for 9382ef73-7d9c-4360-ac31-fc3f3719bae0 (1 claims)
Numeric hallucination detected for 83c4641d-2abc-4576-83e0-1650c3841dd1 (1 claims)
Numeric hallucination detected for ca3ad797-10d8-4250-826c-f109724cbee2 (1 claims)
Numeric hallucination detected for cb322fb5-cf68-4df0-a780-df55d04e31ae (1 claims)
Numeric hallucination detected for 93559987-d12a-45ce-9d7c-8a68fabf9f0d (1 claims)
Numeric hallucination detected for c4d59351-0ba4-4314-a0ae-0cee0bfb877b (1 claims)
Numeric hallucination detected for f83936d7-4c2b-4a39-9069-1b330eb128ab (1 claims)
Numeric hallucination detected for ed794ecd-cef6-495c-bc1f-f541762ed653 (1 claims)
Numeric hallucination detected for dccfd179-8d24-44c2-ba60-5447adbd400f (1 claims)
Numeric hallucination detected for 8d1ab962-a5c5-4fcb-837b-285b3fdfbdfc (1 claims)
Numeric hallucination detected for 0f4d61eb-0785-40f8-869d-1ff5f787242b (1 claims)
Numeric hallucination detected for 3050586d-4048-40c3-979f-f582bf217ad6 (1 claims)
Numeric hallucination detected for 37c0fbd1-37ed-43d9-b15d-c7516ce5f886 (1 claims)
Numeric hallucination detected for abc53eb6-f83e-4a8c-92b8-a4f6066485cf (1 claims)
Numeric hallucination detected for 4c7ca2ff-d9e5-4015-be89-e9eaeaeba0e6 (1 claims)
Numeric hallucination detected for 6803c54a-3e98-4752-986e-0ad0022dac1a (1 claims)
Numeric hallucination detected for da2fd45a-3cc1-4509-8d38-e13d68d4d9df (1 claims)
Numeric hallucination detected for 1eb88eb6-84cd-40ab-adc2-d3290cab3480 (1 claims)
Numeric hallucination detected for a2c3c59e-90ff-419f-8c49-b92ce607a9d6 (1 claims)
Numeric hallucination detected for 206a873c-bea8-4ecf-bb59-493a1e41ba8d (1 claims)
Numeric hallucination detected for a9ee36a0-05fc-4030-b9d0-0522d2822adf (1 claims)
Numeric hallucination detected for 73fe93d3-6c60-432d-9b6a-bd0b56f1f201 (1 claims)
Numeric hallucination detected for a19593ea-b055-4bd8-aa93-cf0091c41878 (1 claims)
Numeric hallucination detected for 7127bb9c-649c-4039-9d49-e71e0f1e48e1 (1 claims)
Numeric hallucination detected for f99158d7-9ae3-4a94-a02f-d09007ced1e9 (1 claims)
Numeric hallucination detected for ff2f5b0e-1ebe-43b0-ab28-3015f1fa2508 (1 claims)
Numeric hallucination detected for 85b02d47-f8e4-40dd-887c-0e814e3f5df8 (1 claims)
Numeric hallucination detected for ce4e8eed-f75d-4359-b491-e3657ffc5351 (1 claims)
Numeric hallucination detected for 833e68e8-e005-495c-b76e-f8600243837d (1 claims)
Numeric hallucination detected for fe006cb2-34e1-442e-a12d-5e6bf8da4fe3 (1 claims)
Numeric hallucination detected for 56b8cab6-a1ad-47c4-a9c2-01031db9d652 (1 claims)
Numeric hallucination detected for e6e09f10-8a98-46ff-a51a-4869cb7a9780 (1 claims)
Numeric hallucination detected for 0f7f826f-030c-424f-91ae-676c64f313d3 (1 claims)
Numeric hallucination detected for 362ae00b-594c-49d6-bad5-60c40ba24cc0 (1 claims)
Numeric hallucination detected for 75b04e00-b29d-48e8-bab7-1771cc3d103c (1 claims)
Numeric hallucination detected for c42ce772-3cab-4ce3-999b-a7ea087abcc8 (1 claims)
Numeric hallucination detected for 202a2f9b-f715-4138-9afe-b3b0272bc146 (1 claims)
Numeric hallucination detected for bf662270-2240-4f38-a1ee-65d83ee4670f (1 claims)
Numeric hallucination detected for c81be508-686f-421a-ba57-f9c7c70b0f58 (1 claims)
Numeric hallucination detected for 859e7cd0-3895-4a49-a873-ecd565f2c2d1 (1 claims)
Numeric hallucination detected for 95fe5d4f-434c-40aa-9ccf-c2b3abed6904 (1 claims)
Numeric hallucination detected for 997b3eac-556c-4d0c-a534-e134eecbed4e (1 claims)
Numeric hallucination detected for 243a5a54-67ca-4b93-a4f7-9bb0591f3e00 (1 claims)
Numeric hallucination detected for d823f670-2094-4a38-a4fa-1c47f3c5341f (1 claims)
Numeric hallucination detected for a6e7adfe-1788-4a78-8ae1-8d9088e83b2d (1 claims)
Numeric hallucination detected for 5ada7401-ee92-4911-ae28-684d4d543ed8 (1 claims)
Numeric hallucination detected for 55d0f291-33bb-4332-8e2e-9d85c29ea732 (1 claims)
Numeric hallucination detected for fa2efee7-66c7-4787-b0a6-73547de14c9a (1 claims)
Numeric hallucination detected for 6c9657e2-7fb9-4faf-a38b-e8fb1ca21e48 (1 claims)
Numeric hallucination detected for 66021f1f-722a-42eb-bd51-d6e6cf351136 (1 claims)
Numeric hallucination detected for 4580f376-4709-4ccb-b6d7-3a07a47d29a9 (1 claims)
Numeric hallucination detected for e430570b-f5d2-4922-8107-13c15e0591a0 (1 claims)
Numeric hallucination detected for b156394c-b3a3-49b4-aabb-201690055f54 (1 claims)
Numeric hallucination detected for 5cb05b5b-e419-4821-92c6-631e12156938 (1 claims)
Numeric hallucination detected for 377d4a85-7509-4743-abf7-6b8efeb551ab (1 claims)
Numeric hallucination detected for 2cbf3f20-a673-4b48-bcd0-8e000306b297 (1 claims)
Numeric hallucination detected for 29ccf674-3034-4616-98f2-c8f50807cb63 (1 claims)
Numeric hallucination detected for 71082e98-667e-4a7f-8bb6-874d00c48225 (1 claims)
Numeric hallucination detected for fb2b0e9b-d658-4aa6-988f-8811d8020c36 (1 claims)
Numeric hallucination detected for c268c044-ecdc-4711-812d-d256f952b1cd (1 claims)
Numeric hallucination detected for 35e23206-e0f4-440b-8a97-ff60f54b1ee3 (1 claims)
Numeric hallucination detected for d858fc1b-0644-4353-bd10-abe57592c960 (1 claims)
Numeric hallucination detected for 726d7113-138d-4dad-915a-480d040c189c (1 claims)
Numeric hallucination detected for 0492c8cf-1c0e-42a9-b9a7-675e12c62243 (1 claims)
Numeric hallucination detected for e1a038df-ad38-4a20-8abd-c8bb551762ee (1 claims)
Numeric hallucination detected for c51f6e38-25cf-4916-a793-c913bd760c17 (1 claims)
Numeric hallucination detected for b5634bcf-07bf-4d39-b75a-47a83bb33d42 (1 claims)
Numeric hallucination detected for 6562181b-952c-4cca-9bad-3f3238f0c84c (1 claims)
Numeric hallucination detected for 0098ddcc-ff88-4fa9-8926-8c54dbe7dc53 (1 claims)
Numeric hallucination detected for 5684f406-17a1-4858-a702-c5ce16c60d05 (1 claims)
Numeric hallucination detected for 82f67e1a-d3b8-4146-ac98-b63afa75fe25 (1 claims)
Numeric hallucination detected for 8d7a35d5-5fb2-471b-ba69-ee04ce0189d8 (1 claims)
Numeric hallucination detected for 36319991-ef27-45b8-a87c-0a1349a0060f (1 claims)
Numeric hallucination detected for 79616cfe-8c4d-4e16-beef-744cbf3993a0 (1 claims)
Numeric hallucination detected for e4518bcc-92b5-4a16-a85a-7224e9e3e2d4 (1 claims)
Numeric hallucination detected for e84497d5-613a-4a40-af8b-7af6901ebbd0 (1 claims)
Numeric hallucination detected for 2e509095-4453-4ece-b799-5abec77c07a3 (1 claims)
Numeric hallucination detected for 6ec522fe-a038-4aaf-bc29-4b317ccb7f7a (1 claims)
Numeric hallucination detected for 6282cf59-f26c-4d44-a115-4a39314ee8b2 (1 claims)
Numeric hallucination detected for c48355ba-a13c-4f55-8084-1f8e38c35122 (1 claims)
Numeric hallucination detected for 2b66f054-c009-483e-bca3-0cda6126a91a (1 claims)
Numeric hallucination detected for fecbca8c-909e-4ec8-8372-05db33fba1f4 (1 claims)
Numeric hallucination detected for 8f3bdee1-ec2a-484a-bfa6-7857b90fbb69 (1 claims)
Numeric hallucination detected for 0a06d671-f9cb-4a13-94a6-f9134e893390 (1 claims)
Numeric hallucination detected for cdf4caba-1eb7-4883-899d-f18cc27a2d0e (1 claims)
Numeric hallucination detected for bd653722-902f-4c67-aa6f-f85905bc82f4 (1 claims)
Numeric hallucination detected for 28adc82d-5f23-42d1-9fcc-a8047c76f99d (1 claims)
Numeric hallucination detected for 592a6ead-7392-4579-82d2-f568bc0ad4e1 (1 claims)
Numeric hallucination detected for f4ca466d-388c-4027-9dce-139ac9d25e0c (1 claims)
Numeric hallucination detected for a8ff30bd-2f80-44aa-8462-c2b34beb076e (1 claims)
Numeric hallucination detected for de165b2e-a2f5-4c08-a835-584bef410e99 (1 claims)
Numeric hallucination detected for 4cd971b4-606b-446b-85bd-ae8ad7020cf8 (1 claims)
Numeric hallucination detected for 9ad70c94-ce7d-46f0-9650-b537bb371d5d (1 claims)
Numeric hallucination detected for 8dc1d5cd-0a2a-4548-8fe2-8695d0eb3efb (1 claims)
Numeric hallucination detected for c7bc1b1d-f7fd-4595-bc11-e05851909c23 (1 claims)
Numeric hallucination detected for fad7f794-a548-4e9e-a47c-21541a778b1c (1 claims)
Numeric hallucination detected for 767fdbd9-e6ac-42fe-a65c-b8354fd55480 (1 claims)
Numeric hallucination detected for 7a57fb59-1927-4d45-89f3-97b94c0a765b (1 claims)
Numeric hallucination detected for 10b8aeed-33e3-49d5-95f2-60ccee3c2a92 (1 claims)
Numeric hallucination detected for c62c937f-4b1a-464f-8d74-b433aff70ce6 (1 claims)
Numeric hallucination detected for 0490c208-ec02-4249-b600-c62177dfaa67 (1 claims)
Numeric hallucination detected for 11094f52-8694-425a-9631-5038fbab12d8 (1 claims)
Numeric hallucination detected for 3e8db72c-546f-422a-99ea-33a8988990c6 (1 claims)
Numeric hallucination detected for af8c9be8-6dc9-4437-a02c-818343794bf1 (1 claims)
Numeric hallucination detected for e2c25ca8-11ba-4f93-85ed-544f01d24f20 (1 claims)
Numeric hallucination detected for f7948fcb-cba2-41f4-9f28-fb9c476cd38a (1 claims)
Numeric hallucination detected for b6d2388d-c3c6-4b67-b135-8a4be5892eea (1 claims)
Numeric hallucination detected for a1266f91-7c32-43d7-a2c0-ea046d05bbd0 (1 claims)
Numeric hallucination detected for 204d018b-7f6c-4239-a980-c8bb28b54b18 (1 claims)
Numeric hallucination detected for 87d4b2ea-b2cd-4c14-af21-224de6766dd7 (1 claims)
Numeric hallucination detected for be31a094-0acc-4db9-a017-07d7fa6fa89a (1 claims)
Numeric hallucination detected for 5a3faad6-e63c-4a97-8a44-e2cbb4b46264 (1 claims)
Numeric hallucination detected for db90ccd7-aac8-4419-92dc-4bb07439159c (1 claims)
Numeric hallucination detected for be1acbf9-5e84-42c1-a9b2-d96697daaf6f (1 claims)
Numeric hallucination detected for f6bd61b5-017b-4eea-8529-d093bba44220 (1 claims)
Numeric hallucination detected for e451e4c9-a80b-429f-b88e-5a6fdcd3acd3 (1 claims)
Numeric hallucination detected for 235e780b-5594-4fc2-aca9-3f2763c9cc7b (1 claims)
Numeric hallucination detected for f3db117d-7bf5-4a1c-8865-10e6bc89c0c8 (1 claims)
Numeric hallucination detected for 1fba5d13-174d-47ed-a744-e8c598b2a565 (1 claims)
Numeric hallucination detected for 3d35a702-cdfa-4163-9e79-8ccf21ec7611 (1 claims)
Numeric hallucination detected for c7c517fe-8209-4e0f-9b05-6f884d942a4f (1 claims)
Numeric hallucination detected for ef4a341d-7f00-421c-9230-641598bda7b7 (1 claims)
Numeric hallucination detected for aa00b7b8-3852-4dfa-a66a-11510477ac66 (1 claims)
Numeric hallucination detected for 0aa62583-5eba-476a-a43f-66ff8d2625a1 (1 claims)
Numeric hallucination detected for 691813de-b0f1-4115-9744-653b2863af7e (1 claims)
Numeric hallucination detected for 63c09699-f63d-4187-b87a-23ee051dad72 (1 claims)
Numeric hallucination detected for 87086523-f375-4419-a654-6a566972331f (1 claims)
Numeric hallucination detected for 27436e6e-fd7b-43eb-ac5b-f7c2de4d0d90 (1 claims)
Numeric hallucination detected for b06ad305-c5c1-457d-a6e9-faef9e61321a (1 claims)
Numeric hallucination detected for e7126b95-3ae3-478a-8001-8a2835f33b94 (1 claims)
Numeric hallucination detected for ed88b137-d5ee-437c-94fd-a086c858ebed (1 claims)
Numeric hallucination detected for 870296f8-be94-4f20-bc76-fa17d1cf3182 (1 claims)
Numeric hallucination detected for 9e17dabf-cb72-4f7f-916d-e7084baf415c (1 claims)
Numeric hallucination detected for e998af66-d244-43d9-9d11-36c6490fdfc4 (1 claims)
Numeric hallucination detected for f6861669-810a-4c0f-ae18-1e6c537381b2 (1 claims)
Numeric hallucination detected for c7e20450-b58e-416f-97c3-278a9a3991b4 (1 claims)
Numeric hallucination detected for 920411f3-f47e-4d6a-a990-6380ed8cb248 (1 claims)
Numeric hallucination detected for 954ec8d1-6924-4bf6-97df-69da20acbee6 (1 claims)
Numeric hallucination detected for bbd4f574-f0aa-43a3-9d11-8e8f7185b113 (1 claims)
Numeric hallucination detected for 491cf8ac-aa22-4c5f-ab97-68659722e532 (1 claims)
Numeric hallucination detected for cf80af7a-ff0c-40c9-acca-4633780a7e59 (1 claims)
Numeric hallucination detected for 00d73fa9-1492-412b-a24f-d98ec61aa425 (1 claims)
Numeric hallucination detected for 1d12c3aa-7a19-4755-be30-2ba1f30b6ca9 (1 claims)
Numeric hallucination detected for e782d040-ef95-4fa7-aa5e-a4846690f53e (1 claims)
Numeric hallucination detected for 9fe19f74-87f8-43ac-a892-19a8b2b3a1c2 (1 claims)
Numeric hallucination detected for d0d9b561-0f44-4a2b-9587-ee0f922bc266 (1 claims)
Numeric hallucination detected for 49a9e4e3-6edd-4560-b077-88cf0cc3ca51 (1 claims)
Numeric hallucination detected for 0325866a-2c57-482f-aad1-f80790c8c9fc (1 claims)
Numeric hallucination detected for ba777f2b-9ce0-4a7d-a685-3926f38c1002 (1 claims)
Numeric hallucination detected for dd66958c-d136-4fea-91ea-369e5c2b8710 (1 claims)
Numeric hallucination detected for 5e09abe3-10a0-4a80-9dbd-26cdf630b135 (1 claims)
Numeric hallucination detected for 758079d1-b18a-4f87-a07d-290393eb6d6b (1 claims)
Numeric hallucination detected for 7d80b110-4b40-4d5c-9c78-8f13988e125b (1 claims)
Numeric hallucination detected for 67e48484-f59d-4398-84e7-2b113db41a2f (1 claims)
Numeric hallucination detected for dd7dbe84-1677-41e7-a4dc-839d4bd6c7ef (1 claims)
Numeric hallucination detected for 772b9b68-4a14-44fe-81e3-9a835c7f646e (1 claims)
Numeric hallucination detected for 1091f5b7-e882-480a-a140-37c0b2de9e38 (1 claims)
Numeric hallucination detected for dc33cd2e-2dd1-4c4b-9b50-d90b5b0e0a94 (1 claims)
Numeric hallucination detected for 73763a4a-8d8e-4484-981c-d9606b279178 (1 claims)
Numeric hallucination detected for 9778a858-989b-4516-bfee-729800c7784f (1 claims)
Numeric hallucination detected for c1148ad7-51c9-47bb-9d84-71291d827d35 (1 claims)
Numeric hallucination detected for 23106a45-466d-4bca-8077-d72dca2be2aa (1 claims)
Numeric hallucination detected for 043e7ae2-6537-49c8-b530-ca7c14f0e53f (1 claims)
Numeric hallucination detected for 38c8b7ea-b69f-4fd7-bd7d-9ff37b6a2555 (1 claims)
Numeric hallucination detected for 501ddf14-187f-4a11-a531-0fc94fdf2858 (1 claims)
Numeric hallucination detected for 401fbb85-d243-4667-aa22-0c2fe14b8c8c (1 claims)
Numeric hallucination detected for 0c41ca42-55f1-4753-907e-894289a3a3b2 (1 claims)
Numeric hallucination detected for 3a805c13-274e-4a01-83df-d3049ff1d5f1 (1 claims)
Numeric hallucination detected for 208dc445-a755-48ab-958b-53ce903ca057 (1 claims)
Numeric hallucination detected for f56c97a5-5275-41ac-8c56-3f6597545bf4 (1 claims)
Numeric hallucination detected for 0ecd290d-2195-4493-a27a-ddbd89a33a0c (1 claims)
Numeric hallucination detected for 97034a06-1975-404c-a518-a08bf975aecd (1 claims)
Numeric hallucination detected for c1a65bae-cb66-4d34-bb95-c2daf42bb69e (1 claims)
Numeric hallucination detected for a2b632d5-8cdd-48d3-b6d7-45f1ee430816 (1 claims)
Numeric hallucination detected for 0476d080-da26-4833-8b5a-158434011971 (1 claims)
Numeric hallucination detected for fb3e52d0-8f71-424c-a2cd-e7ecf05ea08b (1 claims)
Numeric hallucination detected for e052c8bc-ddcf-4ce5-a8ae-1c976bf375e5 (1 claims)
Numeric hallucination detected for 9345a587-aec0-42a1-9b2b-09eb6f06d587 (1 claims)
Numeric hallucination detected for 10096758-2c22-446e-8434-736cd2035347 (1 claims)
Numeric hallucination detected for 0c54b8ea-21c3-4b69-819a-d8d0547585bc (1 claims)
Numeric hallucination detected for fefa2e2f-0ccc-40dd-8469-fb5b5d17cc19 (1 claims)
Numeric hallucination detected for f451ec54-3f81-4c37-b5be-2c4d3fada12f (1 claims)
Numeric hallucination detected for f9e1bf62-ab2b-43ce-90b3-81edfd658a57 (1 claims)
Numeric hallucination detected for bea43114-0a98-4e37-b09e-a81287f2633d (1 claims)
Numeric hallucination detected for c3732ff1-2255-4ed4-96ca-fdf2c6c7058e (1 claims)
Numeric hallucination detected for 67f1cf2d-341c-461d-8569-1d2bd47f7bee (1 claims)
Numeric hallucination detected for 6854d4af-170b-4788-97fe-208427185f01 (1 claims)
Numeric hallucination detected for b31392c6-037a-46e3-a0c7-a184d42647cd (1 claims)
Numeric hallucination detected for b741a186-b835-42ba-86f6-5a439091168a (1 claims)
Numeric hallucination detected for 858cb5a5-bfb9-4d3c-adaa-ca3334354898 (1 claims)
Numeric hallucination detected for 384d60ac-2255-4cbc-b268-0eb657b4de81 (1 claims)
Numeric hallucination detected for 78ac6957-b880-43f1-bb25-221268331274 (1 claims)
Numeric hallucination detected for fd696c4c-eeb2-4fc6-af83-b8806710ac65 (1 claims)
Numeric hallucination detected for 0398e0ce-9ee0-4fa5-9cb4-6a089149273d (1 claims)
Numeric hallucination detected for 689922f0-74cd-4971-a0b9-13bdcbe58a18 (1 claims)
Numeric hallucination detected for 87a6c2f1-c6e4-4aa2-9d19-a50e23f14959 (1 claims)
Numeric hallucination detected for 20b668e8-6819-413d-bf15-b993c1636ffc (1 claims)
Numeric hallucination detected for 6dedcc2b-1571-4ad7-a513-547ca8863b44 (1 claims)
Numeric hallucination detected for 1908bbaf-a63f-4c99-8b85-112e9765bb3f (1 claims)
Numeric hallucination detected for f7ae9e6d-dc8b-45db-8a2d-355df9eed16c (1 claims)
Numeric hallucination detected for 2e44d65d-8576-45ed-ad80-d5b824f5f544 (1 claims)
Numeric hallucination detected for 81720ce7-4d36-4770-a6ba-d6ee9aaa1903 (1 claims)
Numeric hallucination detected for af693623-8624-4c9a-890f-7c1fef18939e (1 claims)
Numeric hallucination detected for 35ba6a2d-13c3-4872-b19f-4a0a3e0ef9a7 (1 claims)
Numeric hallucination detected for 0ef338a7-e9c6-45e0-8902-e615d63c7de7 (1 claims)
Numeric hallucination detected for 2dd6d89d-f0aa-442c-8ff2-dab463d230b9 (1 claims)
Numeric hallucination detected for 82f812c8-ba9c-472c-8166-420f644169b7 (1 claims)
Numeric hallucination detected for 99cc0dda-363b-4f7b-8f13-c0acea8eaa7f (1 claims)
Numeric hallucination detected for f3da317b-cec5-454b-9d45-ab5e90a26167 (1 claims)
Numeric hallucination detected for d935a273-395b-4252-99d2-b3127b932a5c (1 claims)
Numeric hallucination detected for 2b1b1e7e-2d79-4661-8841-ce907013eca6 (1 claims)
Numeric hallucination detected for cfbe21d6-79f6-4450-bb63-99b18a0db4c5 (1 claims)
Numeric hallucination detected for c93b6693-172b-487b-bd57-88e05912c56a (1 claims)
Numeric hallucination detected for 20808443-7970-4e3a-91a2-088f8311ea00 (1 claims)
Numeric hallucination detected for a5634aac-86eb-49ac-8f38-5fb245c49dbd (1 claims)
Numeric hallucination detected for 80b8b391-784e-4959-abdf-63e61e2bc764 (1 claims)
Numeric hallucination detected for 5a793c58-71e5-43a3-b044-4874f27ac414 (1 claims)
Numeric hallucination detected for 92af3051-0a38-42ff-8aee-e835058889ee (1 claims)
Numeric hallucination detected for 4f88ca97-1696-4a6b-8b2b-fd230fe84bde (1 claims)
Numeric hallucination detected for 23435209-5c19-4e97-b5e9-341a95648a48 (1 claims)
Numeric hallucination detected for 933256e4-ab06-439d-ae49-dc9b62eed177 (1 claims)
Numeric hallucination detected for e0fd1c33-ed6e-4b58-be38-d889eab92928 (1 claims)
Numeric hallucination detected for 8e2ec5c1-f886-4dd6-be03-acc4db334037 (1 claims)
Numeric hallucination detected for 39374d9f-71c6-4b8e-ac68-45400d0c10f9 (1 claims)
Numeric hallucination detected for 3205aa2f-5e05-4f0e-a239-c2e58c3b262a (1 claims)
Numeric hallucination detected for d09a51b7-a10c-486b-b682-8cc90948ca8e (1 claims)
Numeric hallucination detected for 3a1dd708-5d73-48b7-a00c-a62a516c258d (1 claims)
Numeric hallucination detected for 7aafeac8-7dcf-4fdf-8e61-03df0a8e5d34 (1 claims)
Numeric hallucination detected for ada3f124-b98e-44a2-8c47-a46e20a3bde4 (1 claims)
Numeric hallucination detected for d8b81cdc-0e47-4003-a83a-75f272c25d61 (1 claims)
Numeric hallucination detected for bb5ce2fb-b7ee-4a4d-8e77-5799bfc97276 (1 claims)
Numeric hallucination detected for 87fee219-b1e6-4b35-b12a-d8ab6daeda54 (1 claims)
Numeric hallucination detected for a144340f-07b3-4aa8-8f88-b9c5085e48e5 (1 claims)
Numeric hallucination detected for ea8c078c-f453-4316-9e17-fd021ac0ab39 (1 claims)
Numeric hallucination detected for b2fe3318-0cfe-48cb-93da-e1e4221a6aa6 (1 claims)
Numeric hallucination detected for e97dcaa7-fd69-4b2c-8e1c-9dba1732962b (1 claims)
Numeric hallucination detected for 91431f58-ed00-4492-afe6-96a1526ed212 (1 claims)
Numeric hallucination detected for 261ba056-a9f9-4ae7-b8a5-2943dc0f326a (1 claims)
Numeric hallucination detected for 47f73718-b54d-45a4-92eb-ba7b296886ad (1 claims)
Numeric hallucination detected for 755b8b64-f08d-4940-93de-cfca837d84af (1 claims)
Numeric hallucination detected for 06cc9284-c1bf-4ce8-a968-ed41e8d42bdf (1 claims)
Numeric hallucination detected for 6560b2ad-7406-4dc9-9438-5952bf2fdfd1 (1 claims)
Numeric hallucination detected for e7ce03b4-7f9f-4f45-a744-5933506a59d3 (1 claims)
Numeric hallucination detected for 70eb22ef-5d57-4b6d-8a68-511433e60f55 (1 claims)
Numeric hallucination detected for 1d4e60fa-c7e9-46ed-b595-5b28ad002ec4 (1 claims)
Numeric hallucination detected for 8d0a0c32-343b-4b01-a8fd-d239e36aeb6e (1 claims)
Numeric hallucination detected for 45c525cb-a80c-4476-8141-48b0a22b1d59 (1 claims)
Numeric hallucination detected for f6c699b4-ae32-4879-9ad8-dc01de9b8513 (1 claims)
Numeric hallucination detected for fc4df856-f835-47f3-a3ac-76a0b0c7453e (1 claims)
Numeric hallucination detected for 1b1c1031-d7c1-4387-8f2f-02198dfdd6cf (1 claims)
Numeric hallucination detected for 4acebbba-dfce-4ff1-9959-8aedd64620bc (1 claims)
Numeric hallucination detected for 705bb40e-8ac3-443e-a28b-04b6e183ae02 (1 claims)
Numeric hallucination detected for 8b9cf18d-3b0a-468f-9591-e05686a230a1 (1 claims)
Numeric hallucination detected for 8347a311-9a15-4f3a-8dfc-f44265e6fb86 (1 claims)
Numeric hallucination detected for 87f95670-5608-4d89-a8ae-0cf6819f953a (1 claims)
Numeric hallucination detected for 7793723d-1de4-4c14-8217-cff6bc168df3 (1 claims)
Numeric hallucination detected for 45047005-4c74-4fad-a68f-ac2adf466635 (1 claims)
Numeric hallucination detected for cfb8a14e-cee5-47ae-bf1d-2f6cf4878a2a (1 claims)
Numeric hallucination detected for caf8e45b-4ecd-4005-b98d-74c2d5a89e58 (1 claims)
Numeric hallucination detected for a2b5bf11-42d2-4d16-be26-ee54d7404b15 (1 claims)
Numeric hallucination detected for fa0b52ba-01f9-4f2e-b3b5-e252d7553379 (1 claims)
Numeric hallucination detected for 13c50956-3847-41f1-b21c-768eb0223631 (1 claims)
Numeric hallucination detected for da8aad4e-c491-4bfd-aa75-e178053f6ca9 (1 claims)
Numeric hallucination detected for c4bef799-14a5-4a01-b8b7-b157ecf08dbf (1 claims)
Numeric hallucination detected for c4c7b704-c524-4d23-9ace-ec0c1e8ff6df (1 claims)
Numeric hallucination detected for 30f8e0be-a3db-4698-9ddd-b9ed72a22656 (1 claims)
Numeric hallucination detected for 8acc2ec6-a157-4d0a-af59-cb4acd1189e7 (1 claims)
Numeric hallucination detected for 98d701b3-d3a4-4188-9f81-ec533fcd5970 (1 claims)
Numeric hallucination detected for a0f1f72e-6e99-4353-9ae9-8f10478bf879 (1 claims)
Numeric hallucination detected for 823ed9a9-3486-4bda-9f5d-aa9b0891eafa (1 claims)
Numeric hallucination detected for db1914b4-2683-4fb3-822c-37b590b44af9 (1 claims)
Numeric hallucination detected for e30fd2e0-ee57-4dfd-8cdc-649ff07996ea (1 claims)
Numeric hallucination detected for 79d896e1-3cdf-46e1-9eb1-77c416eda779 (1 claims)
Numeric hallucination detected for 55cc6e78-b1fc-44fe-b4df-4034a6c46e7c (1 claims)
Numeric hallucination detected for eaad782e-47df-4d79-99d4-bf9f62e8a3d4 (1 claims)
Numeric hallucination detected for 89853192-2723-46f0-948e-8596e1d85c9a (1 claims)
Numeric hallucination detected for c89d8507-583f-42da-904a-ff38eafc69c2 (1 claims)
Numeric hallucination detected for 23f11d5f-bfec-4b98-8c72-55e59fe5629a (1 claims)
Numeric hallucination detected for 377cf5cd-5ee8-45e5-acc7-99ecaddd0672 (1 claims)
Numeric hallucination detected for 5a27ffb2-e5aa-4e7d-9a43-0b50c25a6c5c (1 claims)
Numeric hallucination detected for 5a3a97f0-450e-4496-83af-f57ac0b47c78 (1 claims)
Numeric hallucination detected for d1a6eaaa-b2a3-49c6-b3f6-6dd8e49c1d05 (1 claims)
Numeric hallucination detected for ccbc260c-d012-43c3-84b7-249638c9f726 (1 claims)
Numeric hallucination detected for 4f347775-31a4-42b6-88bc-94d47fe3213e (1 claims)
Numeric hallucination detected for 23c4abd9-2c99-42fe-9e76-c01e169a4696 (1 claims)
Numeric hallucination detected for 3ffe403b-86d9-4373-907e-a9e445aea27c (1 claims)
Numeric hallucination detected for 5b8f64e0-dd14-4d8e-9f74-c82a7a87c11a (1 claims)
Numeric hallucination detected for 15b1781b-f3d5-41db-8741-b3c3cbe7fb02 (1 claims)
Numeric hallucination detected for eae3d820-7bce-4cd2-95b6-6d4d0a9123af (1 claims)
Numeric hallucination detected for 51aae9fa-e3a2-47c6-aa03-b1d5b54c1f6c (1 claims)
Numeric hallucination detected for b9ce6114-1a65-4755-99f5-a837a8705783 (1 claims)
Numeric hallucination detected for a0398017-db9d-4f17-8e57-4e0a1e827bc4 (1 claims)
Numeric hallucination detected for e6f3ee43-196e-423b-b52c-1469eabd704f (1 claims)
Numeric hallucination detected for e14c2e67-fa2d-4f84-a8de-802c75ff74ec (1 claims)
Numeric hallucination detected for 4f5d292f-95cd-450e-85c2-5f1bd4b33a95 (1 claims)
Numeric hallucination detected for 3b922cd0-e65a-4762-b465-cb8084701ed4 (1 claims)
Numeric hallucination detected for fc28c5e7-704b-4718-bb58-79dae073c97a (1 claims)
Numeric hallucination detected for 88b8abbe-912c-43ae-be2f-4e9025462f09 (1 claims)
Numeric hallucination detected for d60792bf-4e41-49c5-962f-e1add5842ce0 (1 claims)
Numeric hallucination detected for 20e69818-b73e-410a-949f-49e94e7575e9 (1 claims)
Numeric hallucination detected for 27dfa8fa-5411-40fb-962d-049d91030152 (1 claims)
Numeric hallucination detected for 345164c0-9c0a-42c4-bdc8-37eac34a507e (1 claims)
Numeric hallucination detected for 1b773e99-5c86-489f-bb3f-14e92af4a991 (1 claims)
Numeric hallucination detected for d2be1d42-ad65-4722-a028-c4644d63bcd5 (1 claims)
Numeric hallucination detected for 3f78ee1c-ea03-4dc2-8318-7119eb6ffcb4 (1 claims)
Numeric hallucination detected for da584df4-e974-4f4f-aec5-211ca6059909 (1 claims)
Numeric hallucination detected for 9b46246c-2a97-468e-9e73-7b5eb0bfe34b (1 claims)
Numeric hallucination detected for 8bfb1834-d663-4593-b9dc-69b3466d464a (1 claims)
Numeric hallucination detected for ed5aae85-6fa2-44a1-954f-90c33c36b9f7 (1 claims)
Numeric hallucination detected for d7c01216-8b11-4767-ad30-6bca7deeaa8b (1 claims)
Numeric hallucination detected for 455afc35-b1d3-4f4b-8d74-72b48e0bdeb2 (1 claims)
Numeric hallucination detected for 36da4a30-a7c4-42e7-8164-e4465d58e34a (1 claims)
Numeric hallucination detected for 4b760dba-c676-4d79-824e-776b530614d2 (1 claims)
Numeric hallucination detected for e8012efa-2c94-402e-a3be-ccc5bd14212e (1 claims)
Numeric hallucination detected for c37854d1-e19c-49eb-a065-997a15e254b3 (1 claims)
Numeric hallucination detected for 598c9aa4-9b62-48ad-bd0f-5dbd33a895e6 (1 claims)
Numeric hallucination detected for 8fe26d39-6461-4dfd-a738-7c0b7f7c8de5 (1 claims)
Numeric hallucination detected for 614e76ba-5061-4283-b8cc-5a33311a2713 (1 claims)
Numeric hallucination detected for 01859d60-e366-4bc9-9d48-ad4eaf06ad50 (1 claims)
Numeric hallucination detected for 66cc712e-ccf0-40dc-8486-583cbfad0da5 (1 claims)
Numeric hallucination detected for 586ccf0e-241b-4912-878d-3329b19ea21d (1 claims)
Numeric hallucination detected for 60db56ed-01c7-4b1c-9c15-45dee693e85c (1 claims)
Numeric hallucination detected for 00e7f76c-c4bd-4091-9d3e-d53a1852149c (1 claims)
Numeric hallucination detected for 3fcc032e-2921-41f6-9ad6-ac6401e1a0bb (1 claims)
Numeric hallucination detected for b2dea9cb-53c5-42de-9d94-3a96c896a4f3 (1 claims)
Numeric hallucination detected for b9833b68-2ae7-42c9-a58a-16f7aa3f6ddf (1 claims)
Numeric hallucination detected for 95bedeb9-2fea-461f-a37f-ccc7e9f5c5dc (1 claims)
Numeric hallucination detected for ffb057e2-3876-43a6-b075-e3ee2cddedf3 (1 claims)
Numeric hallucination detected for c2c33714-d647-4e42-8a1f-c4cc806ab936 (1 claims)
Numeric hallucination detected for 32c6f66c-2eab-44f0-8838-eaab686f4bae (1 claims)
Numeric hallucination detected for a4dcd07e-b61b-42a5-887f-17f6e13fca5a (1 claims)
Numeric hallucination detected for 54dfe26a-a1d6-45c7-930c-a5f8d84f3031 (1 claims)
Numeric hallucination detected for 849646b5-a445-48bf-8d4d-0316066b03c5 (1 claims)
Numeric hallucination detected for 7de471fb-3f83-4d22-a87e-804e52774b6e (1 claims)
Numeric hallucination detected for 9f28ac04-16d4-4a44-9008-76da3a8137f5 (1 claims)
Numeric hallucination detected for 3106e98c-f19f-428b-9bc3-480600869ba3 (1 claims)
Numeric hallucination detected for bbf9103d-5061-45cd-8627-5cba9033d99e (1 claims)
Numeric hallucination detected for 274c00ad-6e6d-466c-a6c5-ba27b65058a7 (1 claims)
Numeric hallucination detected for e881701e-1b9f-449e-8c59-9a8c1aff7ed2 (1 claims)
Numeric hallucination detected for c8e825b3-ede3-4647-b2cd-8ff677acb01c (1 claims)
Numeric hallucination detected for bac221ea-bbe6-4098-81b0-70bb5e60e912 (1 claims)
Numeric hallucination detected for e0ec6938-f997-4313-908a-493b83df7748 (1 claims)
Numeric hallucination detected for fb5ad032-0e4b-4f1a-9c02-493b32970628 (1 claims)
Numeric hallucination detected for 9503844c-3160-4736-8c10-faacce62777c (1 claims)
Numeric hallucination detected for 4b882108-f27c-43ea-aabf-ea01de92511f (1 claims)
Numeric hallucination detected for feecef21-3a01-4bf0-a38e-f0ac83670b4c (1 claims)
Numeric hallucination detected for 658098ea-e994-4fb1-a19f-df022a383694 (1 claims)
Numeric hallucination detected for 6bc1fd64-53e7-4615-85a6-df4a6a9395b1 (1 claims)
Numeric hallucination detected for ec81eefd-95ef-44b7-a9f5-952328bc6071 (1 claims)
Numeric hallucination detected for ceac4098-f2db-4734-9973-744e7b12cfb0 (1 claims)
Numeric hallucination detected for 7a9aa1ab-7971-44bb-a07b-c6b66d10ea8b (1 claims)
Numeric hallucination detected for 563929f3-a184-4f5e-b706-e2fe843423c9 (1 claims)
Numeric hallucination detected for 30081d58-6acf-4c4c-b396-e68e734e09e8 (1 claims)
Numeric hallucination detected for c43ae4eb-d34c-48b2-98c5-c09293d999c1 (1 claims)
Numeric hallucination detected for 0275f1a3-55e4-4ded-bde7-c0b5a565c2b4 (1 claims)
Numeric hallucination detected for 4c16875a-1d84-4e2c-a0f0-9fda2a5a89d2 (1 claims)
Numeric hallucination detected for 9769bced-25be-4390-854f-ae6edeba48cd (1 claims)
Numeric hallucination detected for f8ee5830-c262-4280-ba54-990e2024cea9 (1 claims)
Numeric hallucination detected for 79b1733a-90c7-4b5b-98f4-1061e437f60f (1 claims)
Numeric hallucination detected for 7b440bd4-6b5c-43d0-9a28-c4cef165fafe (1 claims)
Numeric hallucination detected for 3f10e06b-b247-4a84-aa2c-ae0a95df046b (1 claims)
Numeric hallucination detected for 25de506f-f2ec-4f6d-a645-b96772a7602c (1 claims)
Numeric hallucination detected for 49086789-30dd-4869-af35-d5dd1c2c6d4f (1 claims)
Numeric hallucination detected for 74b0c070-f55f-453d-92ae-791ddb56acef (1 claims)
Numeric hallucination detected for fec3fec8-d7c9-4154-9773-625be47ee8c5 (1 claims)
Numeric hallucination detected for d0b49122-fb09-4f91-8dd4-f6b97eb7331c (1 claims)
Numeric hallucination detected for 7388123b-5f60-445c-8749-d4fc68c5d493 (1 claims)
Numeric hallucination detected for d81988eb-4e5a-45e7-a28d-0396e4747671 (1 claims)
Numeric hallucination detected for 5c15b2a7-b532-4489-b178-8ef0d966b017 (1 claims)
Numeric hallucination detected for 4e80ac4f-2f45-46f5-bf92-646783defd48 (1 claims)
Numeric hallucination detected for 23c61aea-ca02-4673-8dc3-1b4acdfae02c (1 claims)
Numeric hallucination detected for 5b1126d1-19bb-468f-8dfd-10dfee2a66a3 (1 claims)
Numeric hallucination detected for 22423dbb-e79b-4593-90ac-75baf41af558 (1 claims)
Numeric hallucination detected for d958abde-b314-4a48-975d-3eaa666f2002 (1 claims)
Numeric hallucination detected for a6db8145-065a-419d-9f30-c2fb96ba814d (1 claims)
Numeric hallucination detected for f7a26efe-537f-4965-92dc-1f9fdcd64d68 (1 claims)
Numeric hallucination detected for 1e6f8d0a-a313-405c-b09f-b12b3e40114d (1 claims)
Numeric hallucination detected for 91f8456b-ec0f-4dfc-be6d-2f8a4efce0e9 (1 claims)
Numeric hallucination detected for 753fad97-00c1-4806-92fc-f16e6f20a613 (1 claims)
Numeric hallucination detected for 85eec1a1-5eee-41c1-9748-23776781b507 (1 claims)
Numeric hallucination detected for bfffa576-c8e5-402d-a5be-ccd062e7a555 (1 claims)
Numeric hallucination detected for cdec425c-9365-4e3d-8ff9-e92eec4e4cd5 (1 claims)
Numeric hallucination detected for f22bdb28-1300-4d97-8a31-2dc11777178a (1 claims)
Numeric hallucination detected for febf0bc7-27cd-4126-aab6-d621bcb24c96 (1 claims)
Numeric hallucination detected for 1582b7cb-c990-41f3-969b-668d8cafbec2 (1 claims)
Numeric hallucination detected for 3bc51c69-4cbd-4bfa-b806-6aff10886617 (1 claims)
Numeric hallucination detected for 24588dd2-f356-4cf2-a902-b569033bd004 (1 claims)
Numeric hallucination detected for 71be2c9f-ab52-4fdc-b416-2ff2b99ca115 (1 claims)
Numeric hallucination detected for 7e4d9cd8-8eae-4c50-988f-78afd9ed28b8 (1 claims)
Numeric hallucination detected for b03de513-51d8-4927-ae77-0fb32a8530e6 (1 claims)
Numeric hallucination detected for b834e732-121d-48ec-b7b9-79f0a5802e82 (1 claims)
Numeric hallucination detected for 2393aabc-dbb1-4e26-8c46-bece5c4c530a (1 claims)
Numeric hallucination detected for 4a503646-5356-4b28-85f2-d66b6af00943 (1 claims)
Numeric hallucination detected for be757236-e101-420c-bca5-a94c44f7be40 (1 claims)
Numeric hallucination detected for a009d5b6-7d95-4a69-a6d0-0f4ce02b362a (1 claims)
Numeric hallucination detected for 925be576-8dbd-4b24-9e73-b68fd3414675 (1 claims)
Numeric hallucination detected for f6b57212-4866-47b2-8c5d-55dd1abc2f50 (1 claims)
Numeric hallucination detected for 957ca1c3-8c2f-4f13-b7cd-97e04edb21b5 (1 claims)
Numeric hallucination detected for f34688bb-43db-4c3c-be1e-fd421bea733a (1 claims)
Numeric hallucination detected for 96b27f2f-f1d8-42d5-a121-8ec868925eef (1 claims)
Numeric hallucination detected for 51cbd924-2aab-4c2f-a31b-3da62ad7bbd7 (1 claims)
Numeric hallucination detected for 81cae491-dac3-49dc-974c-a76b2b1afd25 (1 claims)
Numeric hallucination detected for 641bad82-e308-4c1e-8e5a-58c25167ab8e (1 claims)
Numeric hallucination detected for b922e97c-90a5-407a-80ba-5cfd571dee5b (1 claims)
Numeric hallucination detected for 12967785-e630-4df5-a6a3-4ba5f449e577 (1 claims)
Numeric hallucination detected for ec82b97f-59db-47a9-862a-eb3adf7080b3 (1 claims)
Numeric hallucination detected for 347a1c65-39c3-4f3f-90e2-9a48e04df495 (1 claims)
Numeric hallucination detected for 4f256206-b1f2-490a-9207-d95ec013c627 (1 claims)
Numeric hallucination detected for 35c0d22d-1349-46d4-aa88-21b0f8d082f0 (1 claims)
Numeric hallucination detected for 6d96ac1c-0fe8-4271-ab40-e008fde7df40 (1 claims)
Numeric hallucination detected for b196f22d-da71-408c-9c8b-7cd13b4d4c1f (1 claims)
Numeric hallucination detected for b17710c5-1ec4-44dc-8091-8246fcea0ac5 (1 claims)
Numeric hallucination detected for 70314388-6b26-4019-94d8-3761e666bd38 (1 claims)
Numeric hallucination detected for c3dd2805-2713-44ae-93b0-b4e6373c8e6a (1 claims)
Numeric hallucination detected for 578030b6-d408-4212-9687-6f8eabce900e (1 claims)
Numeric hallucination detected for af4d70c9-2ba4-4a6e-923f-8c56a609533e (1 claims)
Numeric hallucination detected for 02dd3a8b-f8f6-4f25-bd24-39643c4fb40e (1 claims)
Numeric hallucination detected for 96fa14b6-d5f4-4bd3-97fb-21864e6da201 (1 claims)
Numeric hallucination detected for c9fd4f72-bf26-4121-9649-b543ebe93330 (1 claims)
Numeric hallucination detected for 00e803f1-c34a-4773-852e-29b2e724e3f0 (1 claims)
Numeric hallucination detected for c799be70-604b-43e8-afe4-ad10b07cee36 (1 claims)
Numeric hallucination detected for e7af1849-44cb-4631-8189-01143b18c241 (1 claims)
Numeric hallucination detected for b8fe96b0-a91f-445e-8817-468fdd378724 (1 claims)
Numeric hallucination detected for 48d75723-d3e6-4791-82d3-8c72519d9dd3 (1 claims)
Numeric hallucination detected for 3c67f566-6626-4514-8047-953622d7678e (1 claims)
Numeric hallucination detected for 1ace77a2-9708-453e-a977-a10d87bdddca (1 claims)
Numeric hallucination detected for 68e3216b-1a72-4567-9daf-bcbbe3d3e6d2 (1 claims)
Numeric hallucination detected for 6a74bb7b-8f81-4561-a4e3-f3d62db6ce66 (1 claims)
Numeric hallucination detected for c9195692-a570-41cc-9d3a-e2758e1b2a81 (1 claims)
Numeric hallucination detected for 0ad353af-74be-4bed-a51d-d26cb1b24dee (1 claims)
Numeric hallucination detected for f6ae99f2-70f6-4135-b23e-981dbca4c835 (1 claims)
Numeric hallucination detected for 63f381ed-f8cc-4cf5-939c-d6fe385c65c9 (1 claims)
Numeric hallucination detected for c35ed14d-5c49-4616-811a-ca147f6b059c (1 claims)
Numeric hallucination detected for 6475cd65-5be1-4652-b3de-534302239ae0 (1 claims)
Numeric hallucination detected for d86d0807-fac3-4947-aa6f-d5771aa203bd (1 claims)
Numeric hallucination detected for b40d64ca-f11e-407c-baf3-e96af30a3471 (1 claims)
Numeric hallucination detected for 5ce38127-15ba-4aa1-8c35-63f75b50357e (1 claims)
Numeric hallucination detected for 130447f0-878e-4c8d-8a48-7c360a1801a0 (1 claims)
Numeric hallucination detected for 3778235e-bb6f-4685-8bc3-5eeaa4530946 (1 claims)
Numeric hallucination detected for 9d3ff24c-05dd-42c4-b441-7119f55d2ca3 (1 claims)
Numeric hallucination detected for d78e2d90-4d4d-4cc4-a351-8f9e746fd7f1 (1 claims)
Numeric hallucination detected for 935b4ebd-dccf-40fb-b6f7-b2e41fe2bff7 (1 claims)
Numeric hallucination detected for 26520e15-cf15-45dd-945c-d4cd1b40ae55 (1 claims)
Numeric hallucination detected for d58f5492-1685-4ce9-a86a-8e955a2072f2 (1 claims)
Numeric hallucination detected for 84e83550-1951-4322-a3b0-83e61dc1342d (1 claims)
Numeric hallucination detected for 7a78bb12-c4ac-4af3-a709-9096128f27e5 (1 claims)
Numeric hallucination detected for 1b3d0868-ac04-4714-84a6-02f7c0bf6282 (1 claims)
Numeric hallucination detected for dd358d0f-a6a8-48d5-bced-4c882a60b22c (1 claims)
Numeric hallucination detected for ad56f676-eb7b-479f-809a-aa3c4da2f178 (1 claims)
Numeric hallucination detected for d339126e-e955-407a-b07e-8c213c52d1e1 (1 claims)
Numeric hallucination detected for 6a0e6898-567c-49d5-abc8-ab9bd19ac480 (1 claims)
Numeric hallucination detected for 356b398c-acf6-4ce6-9b4f-3189e7b7d7f7 (1 claims)
Numeric hallucination detected for 56b93651-ba24-4962-9500-a4b5eae9e47f (1 claims)
Numeric hallucination detected for 8a1e32e7-f5e9-4085-996a-27b3b8117b85 (1 claims)
Numeric hallucination detected for f768b0a9-f2e4-4c3f-a4e2-4a1dd8d34b8f (1 claims)
Numeric hallucination detected for 3214b48e-bbd4-4227-92f2-575edc1eac63 (1 claims)
Numeric hallucination detected for 10420a81-8639-4451-9fce-922f2b02cb7b (1 claims)
Numeric hallucination detected for 3fe48091-9e93-4c86-b703-7794f488b1f4 (1 claims)
Numeric hallucination detected for 34850e16-ceab-4eb4-bf3d-4116462ce274 (1 claims)
Numeric hallucination detected for 8d0e00f4-f2e2-46c4-b86a-92d0941f3a13 (1 claims)
Numeric hallucination detected for 6891d100-4164-49e2-99c5-2ce4c5f5b0b3 (1 claims)
Numeric hallucination detected for 838f4200-5734-4a72-94d5-f943ebab03c7 (1 claims)
Numeric hallucination detected for 86bcc653-1fe3-43a1-9f8b-091458153613 (1 claims)
Numeric hallucination detected for 4f147aa4-af6b-4e5f-bfaf-4b5c44bd36ef (1 claims)
Numeric hallucination detected for 80cf17a3-c668-4ab5-ae1d-ddc3e9dae105 (1 claims)
Numeric hallucination detected for 47c9ee55-6102-4147-a768-b136ea323632 (1 claims)
Numeric hallucination detected for 316e11d1-76fb-4d73-9f99-5de4c888007d (1 claims)
Numeric hallucination detected for cbed43c4-08f5-482f-a422-121428f2ddda (1 claims)
Numeric hallucination detected for 0f71f08b-635b-495b-83ee-cb1f765db8ff (1 claims)
Numeric hallucination detected for 996632e3-9808-42f7-a6b6-d670f46402d2 (1 claims)
Numeric hallucination detected for 387c322f-38b4-4af1-ab5d-adf51dfd9932 (1 claims)
Numeric hallucination detected for 03e64854-6ed7-4c1f-bb10-a4001f0f0fd6 (1 claims)
Numeric hallucination detected for 4c06e8d8-33c9-4a29-b624-93349045ed85 (1 claims)
Numeric hallucination detected for 02408121-c3cb-484a-8a99-50abc1bea38f (1 claims)
Numeric hallucination detected for 6f4e28e0-98c5-456c-9d33-ce624dbbe96d (1 claims)
Numeric hallucination detected for af7f114d-4b83-4a9f-86c3-5c4f86f0da45 (1 claims)
Numeric hallucination detected for e9cbc8a7-3414-41f0-b111-3f10f1400992 (1 claims)
Numeric hallucination detected for cbb931da-754a-4aa0-ab8d-6f964b54897f (1 claims)
Numeric hallucination detected for 00b08eab-70d4-414d-bba9-b540bf98768a (1 claims)
Numeric hallucination detected for 144c15de-7b6e-4814-b413-e1d62b0465ba (1 claims)
Numeric hallucination detected for bdf3e745-a696-45cc-afd8-b3aeecef3669 (1 claims)
Numeric hallucination detected for dd003625-419d-4a6d-8191-09e4c3d4671f (1 claims)
Numeric hallucination detected for 24dd6134-5abb-45a6-b526-c88887ea6bff (1 claims)
Numeric hallucination detected for 5e7e439b-70d0-4078-a70c-cd77373116fc (1 claims)
Numeric hallucination detected for 8742fd87-5d5a-4707-8af0-0e5172711069 (1 claims)
Numeric hallucination detected for ce1330e4-8040-4640-9613-df79c395af9f (1 claims)
Numeric hallucination detected for 1c02a8af-978d-4323-b095-ab76236c53a5 (1 claims)
Numeric hallucination detected for 49a347a5-5148-401e-8ef4-07a629f5a8c9 (1 claims)
Numeric hallucination detected for 391447e5-49c0-49e6-a2c7-6a11f815b8dc (1 claims)
Numeric hallucination detected for ed4b1db3-3e88-4856-9591-92df4ecc5219 (1 claims)
Numeric hallucination detected for 984e8587-fd57-4328-9941-3faafc5ee83d (1 claims)
Numeric hallucination detected for ff869118-2341-4d4f-a1b3-12ed65d3a97c (1 claims)
Numeric hallucination detected for e97b26b2-b96f-4417-9ef2-d4fd8550ada6 (1 claims)
Numeric hallucination detected for 370d9504-1f0c-453e-8ff9-21d42073f1f9 (1 claims)
Numeric hallucination detected for 23a9dba1-5581-4a93-b298-4818bf4dde24 (1 claims)
Numeric hallucination detected for 171d4e8e-5191-43eb-b950-edb2c8875638 (1 claims)
Numeric hallucination detected for 1236104c-2c1f-447b-a97f-e5779520412d (1 claims)
Numeric hallucination detected for badca946-7c1a-418b-bd53-f5f4a69c5cc5 (1 claims)
Numeric hallucination detected for f29ef071-3af6-4770-b4cb-b8ce76aa5dc0 (1 claims)
Numeric hallucination detected for 04522d36-66ff-4429-aef0-ca5eaee92055 (1 claims)
Numeric hallucination detected for b51676f4-1210-4dcc-81f9-3d347362ac9b (1 claims)
Numeric hallucination detected for ca6e0186-2ffa-4fab-8380-8e1167d3d0f2 (1 claims)
Numeric hallucination detected for d894ef97-643a-45ba-91b3-714a1daca38f (1 claims)
Numeric hallucination detected for 597cac40-4a86-484f-8c0f-162206212aed (1 claims)
Numeric hallucination detected for a80d8400-c3cd-4299-8d43-b71ae2b6a34c (1 claims)
Numeric hallucination detected for 69d96e39-cb06-4227-9fe7-b38a1fe6188f (1 claims)
Numeric hallucination detected for 96a8d6b3-c29a-4513-b424-ba27d7a1eb59 (1 claims)
Numeric hallucination detected for d7254d23-9b11-49e9-850b-f49a29745566 (1 claims)
Numeric hallucination detected for 672dff29-a0f0-4d3c-a934-d96a8188eb29 (1 claims)
Numeric hallucination detected for 6b4b5b46-3c4f-4445-87d5-8b9fe51fc737 (1 claims)
Numeric hallucination detected for 8918937f-5057-42a2-a1b6-ba86f3fa2cca (1 claims)
Numeric hallucination detected for f211e111-d51c-4c33-8d46-0bf7b556ac1c (1 claims)
Numeric hallucination detected for 7dc07aa6-c262-4240-ae06-f6c79c3773a8 (1 claims)
Numeric hallucination detected for 44eb746d-01b5-436d-b96c-ba3704cc881e (1 claims)
Numeric hallucination detected for b5fd8d3a-a7e3-46da-a902-1e50ce347911 (1 claims)
Numeric hallucination detected for 5f9d8990-a84d-4b4c-b009-57208ae2772b (1 claims)
Numeric hallucination detected for 99f44e77-f93f-458c-a136-9df534ef2be7 (1 claims)
Numeric hallucination detected for 4fff7f99-9464-4312-a53c-20a382bf85f2 (1 claims)
Numeric hallucination detected for 184c0c3e-8d31-4a4b-8e9b-2ea9c90cce00 (1 claims)
Numeric hallucination detected for 561b6eb2-5500-4fab-9dad-f59605e550f8 (1 claims)
Numeric hallucination detected for 3a134945-e6c0-4c72-b230-66d1621e8e38 (1 claims)
Numeric hallucination detected for f7470c0e-0654-44e0-a728-0fd77f64931b (1 claims)
Numeric hallucination detected for 9473c9b3-08db-4850-9dae-5f44ecffcfce (1 claims)
Numeric hallucination detected for 257b9582-702a-433a-a081-a4fd70655b20 (1 claims)
Numeric hallucination detected for a3156200-e5bb-4bfb-b314-0a2fa3dedcbc (1 claims)
Numeric hallucination detected for 35f6ecc3-806f-4b11-9d13-ef3f1743b82f (1 claims)
Numeric hallucination detected for 6f5d41da-524d-42ee-9916-4bb360fd9201 (1 claims)
Numeric hallucination detected for 625ccf1d-3a40-4adc-9224-eb012f5216c4 (1 claims)
Numeric hallucination detected for a236cbc8-1145-4135-8589-0038406f6f41 (1 claims)
Numeric hallucination detected for 41dfacb0-9f37-4606-9685-330a88bf4590 (1 claims)
Numeric hallucination detected for aaba169e-e609-4d6e-861f-8cddb0f44dbd (1 claims)
Numeric hallucination detected for 173bc3cc-db4e-4db1-b0bd-3a3996541605 (1 claims)
Numeric hallucination detected for ee82d16e-fc3b-4c5c-87cc-92c366e71e6d (1 claims)
Numeric hallucination detected for e91b01ec-f7be-4a41-861e-44e8caee4afa (1 claims)
Numeric hallucination detected for be542ac3-99e0-4da8-8e82-6dce026c1a15 (1 claims)
Numeric hallucination detected for 1e6f57fc-2975-45da-948d-f0e2e7ff7d8e (1 claims)
Numeric hallucination detected for 9b6c2144-9a11-4019-8ea3-a6fc594477dd (1 claims)
Numeric hallucination detected for a5e1f39b-0153-4b0b-9657-4985717fc73b (1 claims)
Numeric hallucination detected for bbef418e-cb78-41ff-9744-6c5fa5cbbc69 (1 claims)
Numeric hallucination detected for 62ae085c-cf92-4b39-8979-109d6b2ce713 (1 claims)
Numeric hallucination detected for 5a545fe1-6204-45ee-a7ff-db299206b62d (1 claims)
Numeric hallucination detected for 1613fdb5-9de1-4f53-9f39-9711c05a0911 (1 claims)
Numeric hallucination detected for ba38779a-7800-4c27-b943-17cfc567eb44 (1 claims)
Numeric hallucination detected for 8d1ce406-f9d4-4002-937f-ede5ce2ae952 (1 claims)
Numeric hallucination detected for 99a9a6c2-9dd0-4390-ae1a-244ee1b533ca (1 claims)
Numeric hallucination detected for 77769b71-efa2-4a7b-91aa-938cb6d199df (1 claims)
Numeric hallucination detected for dfd90c90-1a10-45ce-a23e-3b1520d23404 (1 claims)
Numeric hallucination detected for 9dad11b2-aa6e-4456-9e53-9fd026f906d2 (1 claims)
Numeric hallucination detected for a45f311e-0154-4b3c-aff6-160d8689654e (1 claims)
Numeric hallucination detected for 6eb2a386-1b09-425a-bcae-fef9d6f2031b (1 claims)
Numeric hallucination detected for 9d473a61-c226-4b35-8cb0-2f4483d71c0f (1 claims)
Numeric hallucination detected for 12c6f83d-587c-43e2-90f3-01f5bd2368e1 (1 claims)
Numeric hallucination detected for aa4cd3d8-31c3-4b59-af0f-51d3601bd894 (1 claims)
Numeric hallucination detected for 5ac10688-08df-4be2-9fd6-73531a5d8a37 (1 claims)
Numeric hallucination detected for c688fbbb-d7bd-4fa0-b6ce-cadc277fbb82 (1 claims)
Numeric hallucination detected for 83179722-80be-4c37-b362-ced40d4513b0 (1 claims)
Numeric hallucination detected for 8f7c6f5d-c82b-4486-b579-66a5813cca77 (1 claims)
Numeric hallucination detected for 843c7172-8d42-4a15-be5b-a165f31aeb70 (1 claims)
Numeric hallucination detected for 77796a84-f030-4214-af09-6b18e94e10ae (1 claims)
Numeric hallucination detected for 3a8fc916-ad6d-4bf2-895c-5892e6abf962 (1 claims)
Numeric hallucination detected for 38492b0d-9027-48e2-a11e-375ebd66daa4 (1 claims)
Numeric hallucination detected for 42637179-46a9-4f57-87aa-f980a94b204b (1 claims)
Numeric hallucination detected for 8e2d84f1-c644-4f29-aa05-76877279e2fe (1 claims)
Numeric hallucination detected for 2ea22b6e-cf76-4541-9334-61f01d8f955f (1 claims)
Numeric hallucination detected for 75527623-ef2f-4e60-8d78-fc5cf5fc5899 (1 claims)
Numeric hallucination detected for 422233d0-6a86-4740-9a46-bd376ad1fae6 (1 claims)
Numeric hallucination detected for 6e2c1909-b485-4892-9a23-b52d6515333c (1 claims)
Numeric hallucination detected for cddf695b-c45f-436f-9881-5564220d4bbc (1 claims)
Numeric hallucination detected for 8f939328-9d78-49ad-8374-21fa03d1b7ef (1 claims)
Numeric hallucination detected for cad2bb4a-bd08-41dc-83a2-9389e09d4010 (1 claims)
Numeric hallucination detected for b81a6355-bece-49d2-9aa0-495900efd9ba (1 claims)
Numeric hallucination detected for e359cc83-a387-493d-950c-2c6849fbcbab (1 claims)
Numeric hallucination detected for a716c9d9-f51d-4c93-94d8-3a3e668407c0 (1 claims)
Numeric hallucination detected for e6550109-0ddb-42d6-be87-680d79fdcc59 (1 claims)
Numeric hallucination detected for 42d8782e-7197-497b-8e5f-676da04b15b6 (1 claims)
Numeric hallucination detected for 3f564932-54f6-4a9c-b59e-18e286750c1f (1 claims)
Numeric hallucination detected for 630b37e7-468e-404d-9944-d9c29aa99aef (1 claims)
Numeric hallucination detected for 1817adec-f34b-4540-979d-af14abe072d5 (1 claims)
Numeric hallucination detected for 6e83e822-c725-4bd1-9895-2235c90d3485 (1 claims)
Numeric hallucination detected for c4739016-5903-4e88-9b79-e4dcb95a4738 (1 claims)
Numeric hallucination detected for 92512967-efa2-4ed0-b6bc-534c365c1a00 (1 claims)
Numeric hallucination detected for 382df19b-8b22-4108-8e4f-75f2d73d97ed (1 claims)
Numeric hallucination detected for 6eb879be-b1ad-4d56-9e63-ae1def1b0354 (1 claims)
Numeric hallucination detected for 55485ab7-22a7-412f-92bd-e08eebd2c962 (1 claims)
Numeric hallucination detected for 7e4987bc-bdd8-438e-af08-4c0d03ae7353 (1 claims)
Numeric hallucination detected for 9998092c-89e0-4ff2-ac69-ac1add2a53df (1 claims)
Numeric hallucination detected for c679096d-e82e-485c-91a4-568a42632a0b (1 claims)
Numeric hallucination detected for e30226c3-be8c-417c-b61c-5e982abd2f57 (1 claims)
Numeric hallucination detected for 77584c7f-4b5e-42fc-83ea-d3b816a1bc6e (1 claims)
Numeric hallucination detected for 52da186e-c732-42fb-b45c-b38909c5e208 (1 claims)
Numeric hallucination detected for dde51685-d6d7-4c70-9f37-18f03354716b (1 claims)
Numeric hallucination detected for 60b352e3-b61e-4d0f-b3f7-070df1ed9208 (1 claims)
Numeric hallucination detected for 55dcb594-55fb-4f50-92d4-c0d4efe8b4e2 (1 claims)
Numeric hallucination detected for 09342fed-758c-4169-986f-82b7dd17aacb (1 claims)
Numeric hallucination detected for e4b53569-f0f2-414d-bd8d-643195acf180 (1 claims)
Numeric hallucination detected for 56f26f0b-bd68-4a17-a02a-d39d17057e8c (1 claims)
Numeric hallucination detected for 97d01ba2-514b-4f54-92f6-f3472609830a (1 claims)
Numeric hallucination detected for 943ad1e3-b79e-4cc7-abef-e1a675006e4f (1 claims)
Numeric hallucination detected for d093d242-cf55-4f17-9dc1-f7bbcb39dd4a (1 claims)
Numeric hallucination detected for 2f2b2308-5652-4122-8f0c-61e4fc971939 (1 claims)
Numeric hallucination detected for 4bf934b8-31d3-4d0e-87c8-cccb5ad58b4a (1 claims)
Numeric hallucination detected for 5159c1cd-d892-4e81-b474-e27f2711c504 (1 claims)
Numeric hallucination detected for efab5fd9-c771-44d9-af4e-32face034f99 (1 claims)
Numeric hallucination detected for f5d1e7ba-5204-4244-84c4-b5790f3b1f09 (1 claims)
Numeric hallucination detected for efc4d227-4901-41dd-84a1-d65fa0b8c333 (1 claims)
Numeric hallucination detected for 5237eb2f-e723-4764-8646-cb0ab6536df8 (1 claims)
Numeric hallucination detected for 7495ce93-8cac-4f36-ae6b-4749f3767d9c (1 claims)
Numeric hallucination detected for 9d562dd8-b899-4c0c-b2de-f0be6ab4fdb3 (1 claims)
Numeric hallucination detected for b4088752-63c7-4241-8a65-2b8b1dd569d1 (1 claims)
Numeric hallucination detected for 7a89042d-a9b1-4dc3-a882-55bf4ef4de9c (1 claims)
Numeric hallucination detected for 2c20ac50-db90-41e5-853b-6565dfbcef22 (1 claims)
Numeric hallucination detected for 5958b36b-367d-4b8b-b09f-ad5f82c7566f (1 claims)
Numeric hallucination detected for 0dc3d007-d727-4e3c-8b77-e8a9cbae640e (1 claims)
Numeric hallucination detected for 849f1aec-62eb-40a3-87e6-6bf9ee2f783d (1 claims)
Numeric hallucination detected for 0c0f902f-7532-4deb-84e3-58bb55dba21c (1 claims)
Numeric hallucination detected for 7189f1e7-8ade-4a74-be98-d91aa34848eb (1 claims)
Numeric hallucination detected for c8232eba-6982-4924-8f30-3142b090152f (1 claims)
Numeric hallucination detected for 54d20f1e-850b-46a5-8153-9e5e7c070e44 (1 claims)
Numeric hallucination detected for 47aab3c0-9511-47f6-9719-4a3ae1e61aa2 (1 claims)
Numeric hallucination detected for 4ca9e787-2fcb-4bfb-8eb9-1ebd7921e285 (1 claims)
Numeric hallucination detected for 6e6d06da-467d-470e-b6d3-086b83f35048 (1 claims)
Numeric hallucination detected for c6e737a9-f8c2-4421-83bd-477993005dd4 (1 claims)
Numeric hallucination detected for 4543ee00-4f5f-4be4-8f6a-fb54fe8d07d1 (1 claims)
Numeric hallucination detected for 0611f17e-8626-4091-96ae-5ad2eaf63fd5 (1 claims)
Numeric hallucination detected for 2765ab99-6b8b-426c-84c2-3127f443e3b9 (1 claims)
Numeric hallucination detected for 3f64b45b-ae75-4eda-b0cc-d821303fc7a6 (1 claims)
Numeric hallucination detected for c6aaaefc-420b-4783-ac61-24383eff6086 (1 claims)
Numeric hallucination detected for ebe1cdfd-c248-45f2-bead-7c8cc7335cfc (1 claims)
Numeric hallucination detected for fa221a5a-8e43-4c67-95c5-12fa6979a6f9 (1 claims)
Numeric hallucination detected for e244bc45-7f1e-4bd0-a595-62faa607b050 (1 claims)
Numeric hallucination detected for a98e6c27-430c-49e1-a5e7-ceb82cc64054 (1 claims)
Numeric hallucination detected for c024c14e-af9c-444d-a42f-284a4bd2136b (1 claims)
Numeric hallucination detected for f876fa86-6d31-4fd6-a71d-be06b487ea74 (1 claims)
Numeric hallucination detected for 074d6742-ef5a-4baa-b825-8d93bead81a4 (1 claims)
Numeric hallucination detected for cbebcd7f-c026-4009-a4f0-4e450ed36898 (1 claims)
Numeric hallucination detected for a03ffc41-a091-43d1-9fe4-6083043e5754 (1 claims)
Numeric hallucination detected for 9c945b03-7219-47f0-909e-f9b5787fee63 (1 claims)
Numeric hallucination detected for e08e5cd1-7636-4c62-a9d1-32d6f1c24a3e (1 claims)
Numeric hallucination detected for 128f244c-ee3c-4a82-9e46-4b2d8cfe037d (1 claims)
Numeric hallucination detected for cd519707-02b1-4d18-8298-66695332ad89 (1 claims)
Numeric hallucination detected for edff215b-8bdc-40f6-8865-50382f639d4f (1 claims)
Numeric hallucination detected for 18e92319-4b74-46aa-a83a-0d1d28dc1dcc (1 claims)
Numeric hallucination detected for 85575199-02df-4501-821e-6d12e3ba6602 (1 claims)
Numeric hallucination detected for dd880ed9-a34d-420c-b93f-1f5c533a9ff0 (1 claims)
Numeric hallucination detected for 45f605b6-a6fa-4b07-b258-306a76272f5c (1 claims)
Numeric hallucination detected for 9a63108e-0e1a-414a-a15a-764d5cea5b51 (1 claims)
Numeric hallucination detected for eeffdd69-7396-4b97-a41b-0f98a1f99db0 (1 claims)
Numeric hallucination detected for 5ea25fc3-ab6a-4638-a353-f3bab5f15e1e (1 claims)
----------------------------------------
Exception occurred during processing of request from ('127.0.0.1', 52445)
Traceback (most recent call last):
  File "C:\Users\nahas\AppData\Local\Programs\Python\Python314\Lib\socketserver.py", line 697, in process_request_thread
    self.finish_request(request, client_address)
    ~~~~~~~~~~~~~~~~~~~^^^^^^^^^^^^^^^^^^^^^^^^^
  File "C:\Users\nahas\AppData\Local\Programs\Python\Python314\Lib\socketserver.py", line 362, in finish_request
    self.RequestHandlerClass(request, client_address, self)
    ~~~~~~~~~~~~~~~~~~~~~~~~^^^^^^^^^^^^^^^^^^^^^^^^^^^^^^^
  File "C:\Users\nahas\AppData\Local\Programs\Python\Python314\Lib\socketserver.py", line 766, in __init__
    self.handle()
    ~~~~~~~~~~~^^
  File "C:\Users\nahas\AppData\Local\Programs\Python\Python314\Lib\http\server.py", line 498, in handle
    self.handle_one_request()
    ~~~~~~~~~~~~~~~~~~~~~~~^^
  File "C:\Users\nahas\AppData\Local\Programs\Python\Python314\Lib\http\server.py", line 464, in handle_one_request
    self.raw_requestline = self.rfile.readline(65537)
                           ~~~~~~~~~~~~~~~~~~~^^^^^^^
  File "C:\Users\nahas\AppData\Local\Programs\Python\Python314\Lib\socket.py", line 725, in readinto
    return self._sock.recv_into(b)
           ~~~~~~~~~~~~~~~~~~~~^^^
ConnectionAbortedError: [WinError 10053] An established connection was aborted by the software in your host machine
----------------------------------------
----------------------------------------
Exception occurred during processing of request from ('127.0.0.1', 52446)
Traceback (most recent call last):
  File "C:\Users\nahas\AppData\Local\Programs\Python\Python314\Lib\socketserver.py", line 697, in process_request_thread
    self.finish_request(request, client_address)
    ~~~~~~~~~~~~~~~~~~~^^^^^^^^^^^^^^^^^^^^^^^^^
  File "C:\Users\nahas\AppData\Local\Programs\Python\Python314\Lib\socketserver.py", line 362, in finish_request
    self.RequestHandlerClass(request, client_address, self)
    ~~~~~~~~~~~~~~~~~~~~~~~~^^^^^^^^^^^^^^^^^^^^^^^^^^^^^^^
  File "C:\Users\nahas\AppData\Local\Programs\Python\Python314\Lib\socketserver.py", line 766, in __init__
    self.handle()
    ~~~~~~~~~~~^^
  File "C:\Users\nahas\AppData\Local\Programs\Python\Python314\Lib\http\server.py", line 498, in handle
    self.handle_one_request()
    ~~~~~~~~~~~~~~~~~~~~~~~^^
  File "C:\Users\nahas\AppData\Local\Programs\Python\Python314\Lib\http\server.py", line 464, in handle_one_request
    self.raw_requestline = self.rfile.readline(65537)
                           ~~~~~~~~~~~~~~~~~~~^^^^^^^
  File "C:\Users\nahas\AppData\Local\Programs\Python\Python314\Lib\socket.py", line 725, in readinto
    return self._sock.recv_into(b)
           ~~~~~~~~~~~~~~~~~~~~^^^
ConnectionAbortedError: [WinError 10053] An established connection was aborted by the software in your host machine
----------------------------------------
----------------------------------------
Exception occurred during processing of request from ('127.0.0.1', 61178)
Traceback (most recent call last):
  File "C:\Users\nahas\AppData\Local\Programs\Python\Python314\Lib\socketserver.py", line 697, in process_request_thread
    self.finish_request(request, client_address)
    ~~~~~~~~~~~~~~~~~~~^^^^^^^^^^^^^^^^^^^^^^^^^
  File "C:\Users\nahas\AppData\Local\Programs\Python\Python314\Lib\socketserver.py", line 362, in finish_request
    self.RequestHandlerClass(request, client_address, self)
    ~~~~~~~~~~~~~~~~~~~~~~~~^^^^^^^^^^^^^^^^^^^^^^^^^^^^^^^
  File "C:\Users\nahas\AppData\Local\Programs\Python\Python314\Lib\socketserver.py", line 766, in __init__
    self.handle()
    ~~~~~~~~~~~^^
  File "C:\Users\nahas\AppData\Local\Programs\Python\Python314\Lib\http\server.py", line 498, in handle
    self.handle_one_request()
    ~~~~~~~~~~~~~~~~~~~~~~~^^
  File "C:\Users\nahas\AppData\Local\Programs\Python\Python314\Lib\http\server.py", line 464, in handle_one_request
    self.raw_requestline = self.rfile.readline(65537)
                           ~~~~~~~~~~~~~~~~~~~^^^^^^^
  File "C:\Users\nahas\AppData\Local\Programs\Python\Python314\Lib\socket.py", line 725, in readinto
    return self._sock.recv_into(b)
           ~~~~~~~~~~~~~~~~~~~~^^^
ConnectionAbortedError: [WinError 10053] An established connection was aborted by the software in your host machine
----------------------------------------
----------------------------------------
Exception occurred during processing of request from ('127.0.0.1', 61179)
Traceback (most recent call last):
  File "C:\Users\nahas\AppData\Local\Programs\Python\Python314\Lib\socketserver.py", line 697, in process_request_thread
    self.finish_request(request, client_address)
    ~~~~~~~~~~~~~~~~~~~^^^^^^^^^^^^^^^^^^^^^^^^^
  File "C:\Users\nahas\AppData\Local\Programs\Python\Python314\Lib\socketserver.py", line 362, in finish_request
    self.RequestHandlerClass(request, client_address, self)
    ~~~~~~~~~~~~~~~~~~~~~~~~^^^^^^^^^^^^^^^^^^^^^^^^^^^^^^^
  File "C:\Users\nahas\AppData\Local\Programs\Python\Python314\Lib\socketserver.py", line 766, in __init__
    self.handle()
    ~~~~~~~~~~~^^
  File "C:\Users\nahas\AppData\Local\Programs\Python\Python314\Lib\http\server.py", line 498, in handle
    self.handle_one_request()
    ~~~~~~~~~~~~~~~~~~~~~~~^^
  File "C:\Users\nahas\AppData\Local\Programs\Python\Python314\Lib\http\server.py", line 464, in handle_one_request
    self.raw_requestline = self.rfile.readline(65537)
                           ~~~~~~~~~~~~~~~~~~~^^^^^^^
  File "C:\Users\nahas\AppData\Local\Programs\Python\Python314\Lib\socket.py", line 725, in readinto
    return self._sock.recv_into(b)
           ~~~~~~~~~~~~~~~~~~~~^^^
ConnectionAbortedError: [WinError 10053] An established connection was aborted by the software in your host machine
----------------------------------------
----------------------------------------
Exception occurred during processing of request from ('127.0.0.1', 57037)
Traceback (most recent call last):
  File "C:\Users\nahas\AppData\Local\Programs\Python\Python314\Lib\socketserver.py", line 697, in process_request_thread
    self.finish_request(request, client_address)
    ~~~~~~~~~~~~~~~~~~~^^^^^^^^^^^^^^^^^^^^^^^^^
  File "C:\Users\nahas\AppData\Local\Programs\Python\Python314\Lib\socketserver.py", line 362, in finish_request
    self.RequestHandlerClass(request, client_address, self)
    ~~~~~~~~~~~~~~~~~~~~~~~~^^^^^^^^^^^^^^^^^^^^^^^^^^^^^^^
  File "C:\Users\nahas\AppData\Local\Programs\Python\Python314\Lib\socketserver.py", line 766, in __init__
    self.handle()
    ~~~~~~~~~~~^^
  File "C:\Users\nahas\AppData\Local\Programs\Python\Python314\Lib\http\server.py", line 498, in handle
    self.handle_one_request()
    ~~~~~~~~~~~~~~~~~~~~~~~^^
  File "C:\Users\nahas\AppData\Local\Programs\Python\Python314\Lib\http\server.py", line 464, in handle_one_request
    self.raw_requestline = self.rfile.readline(65537)
                           ~~~~~~~~~~~~~~~~~~~^^^^^^^
  File "C:\Users\nahas\AppData\Local\Programs\Python\Python314\Lib\socket.py", line 725, in readinto
    return self._sock.recv_into(b)
           ~~~~~~~~~~~~~~~~~~~~^^^
ConnectionAbortedError: [WinError 10053] An established connection was aborted by the software in your host machine
----------------------------------------
----------------------------------------
Exception occurred during processing of request from ('127.0.0.1', 57038)
Traceback (most recent call last):
  File "C:\Users\nahas\AppData\Local\Programs\Python\Python314\Lib\socketserver.py", line 697, in process_request_thread
    self.finish_request(request, client_address)
    ~~~~~~~~~~~~~~~~~~~^^^^^^^^^^^^^^^^^^^^^^^^^
  File "C:\Users\nahas\AppData\Local\Programs\Python\Python314\Lib\socketserver.py", line 362, in finish_request
    self.RequestHandlerClass(request, client_address, self)
    ~~~~~~~~~~~~~~~~~~~~~~~~^^^^^^^^^^^^^^^^^^^^^^^^^^^^^^^
  File "C:\Users\nahas\AppData\Local\Programs\Python\Python314\Lib\socketserver.py", line 766, in __init__
    self.handle()
    ~~~~~~~~~~~^^
  File "C:\Users\nahas\AppData\Local\Programs\Python\Python314\Lib\http\server.py", line 498, in handle
    self.handle_one_request()
    ~~~~~~~~~~~~~~~~~~~~~~~^^
  File "C:\Users\nahas\AppData\Local\Programs\Python\Python314\Lib\http\server.py", line 464, in handle_one_request
    self.raw_requestline = self.rfile.readline(65537)
                           ~~~~~~~~~~~~~~~~~~~^^^^^^^
  File "C:\Users\nahas\AppData\Local\Programs\Python\Python314\Lib\socket.py", line 725, in readinto
    return self._sock.recv_into(b)
           ~~~~~~~~~~~~~~~~~~~~^^^
ConnectionAbortedError: [WinError 10053] An established connection was aborted by the software in your host machine
----------------------------------------
----------------------------------------
Exception occurred during processing of request from ('127.0.0.1', 56886)
Traceback (most recent call last):
  File "C:\Users\nahas\AppData\Local\Programs\Python\Python314\Lib\socketserver.py", line 697, in process_request_thread
    self.finish_request(request, client_address)
    ~~~~~~~~~~~~~~~~~~~^^^^^^^^^^^^^^^^^^^^^^^^^
  File "C:\Users\nahas\AppData\Local\Programs\Python\Python314\Lib\socketserver.py", line 362, in finish_request
    self.RequestHandlerClass(request, client_address, self)
    ~~~~~~~~~~~~~~~~~~~~~~~~^^^^^^^^^^^^^^^^^^^^^^^^^^^^^^^
  File "C:\Users\nahas\AppData\Local\Programs\Python\Python314\Lib\socketserver.py", line 766, in __init__
    self.handle()
    ~~~~~~~~~~~^^
  File "C:\Users\nahas\AppData\Local\Programs\Python\Python314\Lib\http\server.py", line 498, in handle
    self.handle_one_request()
    ~~~~~~~~~~~~~~~~~~~~~~~^^
  File "C:\Users\nahas\AppData\Local\Programs\Python\Python314\Lib\http\server.py", line 464, in handle_one_request
    self.raw_requestline = self.rfile.readline(65537)
                           ~~~~~~~~~~~~~~~~~~~^^^^^^^
  File "C:\Users\nahas\AppData\Local\Programs\Python\Python314\Lib\socket.py", line 725, in readinto
    return self._sock.recv_into(b)
           ~~~~~~~~~~~~~~~~~~~~^^^
ConnectionAbortedError: [WinError 10053] An established connection was aborted by the software in your host machine
----------------------------------------
----------------------------------------
Exception occurred during processing of request from ('127.0.0.1', 56887)
Traceback (most recent call last):
  File "C:\Users\nahas\AppData\Local\Programs\Python\Python314\Lib\socketserver.py", line 697, in process_request_thread
    self.finish_request(request, client_address)
    ~~~~~~~~~~~~~~~~~~~^^^^^^^^^^^^^^^^^^^^^^^^^
  File "C:\Users\nahas\AppData\Local\Programs\Python\Python314\Lib\socketserver.py", line 362, in finish_request
    self.RequestHandlerClass(request, client_address, self)
    ~~~~~~~~~~~~~~~~~~~~~~~~^^^^^^^^^^^^^^^^^^^^^^^^^^^^^^^
  File "C:\Users\nahas\AppData\Local\Programs\Python\Python314\Lib\socketserver.py", line 766, in __init__
    self.handle()
    ~~~~~~~~~~~^^
  File "C:\Users\nahas\AppData\Local\Programs\Python\Python314\Lib\http\server.py", line 498, in handle
    self.handle_one_request()
    ~~~~~~~~~~~~~~~~~~~~~~~^^
  File "C:\Users\nahas\AppData\Local\Programs\Python\Python314\Lib\http\server.py", line 464, in handle_one_request
    self.raw_requestline = self.rfile.readline(65537)
                           ~~~~~~~~~~~~~~~~~~~^^^^^^^
  File "C:\Users\nahas\AppData\Local\Programs\Python\Python314\Lib\socket.py", line 725, in readinto
    return self._sock.recv_into(b)
           ~~~~~~~~~~~~~~~~~~~~^^^
ConnectionAbortedError: [WinError 10053] An established connection was aborted by the software in your host machine
----------------------------------------
----------------------------------------
Exception occurred during processing of request from ('127.0.0.1', 57497)
Traceback (most recent call last):
  File "C:\Users\nahas\AppData\Local\Programs\Python\Python314\Lib\socketserver.py", line 697, in process_request_thread
    self.finish_request(request, client_address)
    ~~~~~~~~~~~~~~~~~~~^^^^^^^^^^^^^^^^^^^^^^^^^
  File "C:\Users\nahas\AppData\Local\Programs\Python\Python314\Lib\socketserver.py", line 362, in finish_request
    self.RequestHandlerClass(request, client_address, self)
    ~~~~~~~~~~~~~~~~~~~~~~~~^^^^^^^^^^^^^^^^^^^^^^^^^^^^^^^
  File "C:\Users\nahas\AppData\Local\Programs\Python\Python314\Lib\socketserver.py", line 766, in __init__
    self.handle()
    ~~~~~~~~~~~^^
  File "C:\Users\nahas\AppData\Local\Programs\Python\Python314\Lib\http\server.py", line 498, in handle
    self.handle_one_request()
    ~~~~~~~~~~~~~~~~~~~~~~~^^
  File "C:\Users\nahas\AppData\Local\Programs\Python\Python314\Lib\http\server.py", line 464, in handle_one_request
    self.raw_requestline = self.rfile.readline(65537)
                           ~~~~~~~~~~~~~~~~~~~^^^^^^^
  File "C:\Users\nahas\AppData\Local\Programs\Python\Python314\Lib\socket.py", line 725, in readinto
    return self._sock.recv_into(b)
           ~~~~~~~~~~~~~~~~~~~~^^^
ConnectionAbortedError: [WinError 10053] An established connection was aborted by the software in your host machine
----------------------------------------
----------------------------------------
Exception occurred during processing of request from ('127.0.0.1', 57498)
Traceback (most recent call last):
  File "C:\Users\nahas\AppData\Local\Programs\Python\Python314\Lib\socketserver.py", line 697, in process_request_thread
    self.finish_request(request, client_address)
    ~~~~~~~~~~~~~~~~~~~^^^^^^^^^^^^^^^^^^^^^^^^^
  File "C:\Users\nahas\AppData\Local\Programs\Python\Python314\Lib\socketserver.py", line 362, in finish_request
    self.RequestHandlerClass(request, client_address, self)
    ~~~~~~~~~~~~~~~~~~~~~~~~^^^^^^^^^^^^^^^^^^^^^^^^^^^^^^^
  File "C:\Users\nahas\AppData\Local\Programs\Python\Python314\Lib\socketserver.py", line 766, in __init__
    self.handle()
    ~~~~~~~~~~~^^
  File "C:\Users\nahas\AppData\Local\Programs\Python\Python314\Lib\http\server.py", line 498, in handle
    self.handle_one_request()
    ~~~~~~~~~~~~~~~~~~~~~~~^^
  File "C:\Users\nahas\AppData\Local\Programs\Python\Python314\Lib\http\server.py", line 464, in handle_one_request
    self.raw_requestline = self.rfile.readline(65537)
                           ~~~~~~~~~~~~~~~~~~~^^^^^^^
  File "C:\Users\nahas\AppData\Local\Programs\Python\Python314\Lib\socket.py", line 725, in readinto
    return self._sock.recv_into(b)
           ~~~~~~~~~~~~~~~~~~~~^^^
ConnectionAbortedError: [WinError 10053] An established connection was aborted by the software in your host machine
----------------------------------------
----------------------------------------
Exception occurred during processing of request from ('127.0.0.1', 50925)
Traceback (most recent call last):
  File "C:\Users\nahas\AppData\Local\Programs\Python\Python314\Lib\socketserver.py", line 697, in process_request_thread
    self.finish_request(request, client_address)
    ~~~~~~~~~~~~~~~~~~~^^^^^^^^^^^^^^^^^^^^^^^^^
  File "C:\Users\nahas\AppData\Local\Programs\Python\Python314\Lib\socketserver.py", line 362, in finish_request
    self.RequestHandlerClass(request, client_address, self)
    ~~~~~~~~~~~~~~~~~~~~~~~~^^^^^^^^^^^^^^^^^^^^^^^^^^^^^^^
  File "C:\Users\nahas\AppData\Local\Programs\Python\Python314\Lib\socketserver.py", line 766, in __init__
    self.handle()
    ~~~~~~~~~~~^^
  File "C:\Users\nahas\AppData\Local\Programs\Python\Python314\Lib\http\server.py", line 498, in handle
    self.handle_one_request()
    ~~~~~~~~~~~~~~~~~~~~~~~^^
  File "C:\Users\nahas\AppData\Local\Programs\Python\Python314\Lib\http\server.py", line 464, in handle_one_request
    self.raw_requestline = self.rfile.readline(65537)
                           ~~~~~~~~~~~~~~~~~~~^^^^^^^
  File "C:\Users\nahas\AppData\Local\Programs\Python\Python314\Lib\socket.py", line 725, in readinto
    return self._sock.recv_into(b)
           ~~~~~~~~~~~~~~~~~~~~^^^
ConnectionAbortedError: [WinError 10053] An established connection was aborted by the software in your host machine
----------------------------------------
----------------------------------------
Exception occurred during processing of request from ('127.0.0.1', 50924)
Traceback (most recent call last):
  File "C:\Users\nahas\AppData\Local\Programs\Python\Python314\Lib\socketserver.py", line 697, in process_request_thread
    self.finish_request(request, client_address)
    ~~~~~~~~~~~~~~~~~~~^^^^^^^^^^^^^^^^^^^^^^^^^
  File "C:\Users\nahas\AppData\Local\Programs\Python\Python314\Lib\socketserver.py", line 362, in finish_request
    self.RequestHandlerClass(request, client_address, self)
    ~~~~~~~~~~~~~~~~~~~~~~~~^^^^^^^^^^^^^^^^^^^^^^^^^^^^^^^
  File "C:\Users\nahas\AppData\Local\Programs\Python\Python314\Lib\socketserver.py", line 766, in __init__
    self.handle()
    ~~~~~~~~~~~^^
  File "C:\Users\nahas\AppData\Local\Programs\Python\Python314\Lib\http\server.py", line 498, in handle
    self.handle_one_request()
    ~~~~~~~~~~~~~~~~~~~~~~~^^
  File "C:\Users\nahas\AppData\Local\Programs\Python\Python314\Lib\http\server.py", line 464, in handle_one_request
    self.raw_requestline = self.rfile.readline(65537)
                           ~~~~~~~~~~~~~~~~~~~^^^^^^^
  File "C:\Users\nahas\AppData\Local\Programs\Python\Python314\Lib\socket.py", line 725, in readinto
    return self._sock.recv_into(b)
           ~~~~~~~~~~~~~~~~~~~~^^^
ConnectionAbortedError: [WinError 10053] An established connection was aborted by the software in your host machine
----------------------------------------
----------------------------------------
Exception occurred during processing of request from ('127.0.0.1', 50935)
Traceback (most recent call last):
  File "C:\Users\nahas\AppData\Local\Programs\Python\Python314\Lib\socketserver.py", line 697, in process_request_thread
    self.finish_request(request, client_address)
    ~~~~~~~~~~~~~~~~~~~^^^^^^^^^^^^^^^^^^^^^^^^^
  File "C:\Users\nahas\AppData\Local\Programs\Python\Python314\Lib\socketserver.py", line 362, in finish_request
    self.RequestHandlerClass(request, client_address, self)
    ~~~~~~~~~~~~~~~~~~~~~~~~^^^^^^^^^^^^^^^^^^^^^^^^^^^^^^^
  File "C:\Users\nahas\AppData\Local\Programs\Python\Python314\Lib\socketserver.py", line 766, in __init__
    self.handle()
    ~~~~~~~~~~~^^
  File "C:\Users\nahas\AppData\Local\Programs\Python\Python314\Lib\http\server.py", line 498, in handle
    self.handle_one_request()
    ~~~~~~~~~~~~~~~~~~~~~~~^^
  File "C:\Users\nahas\AppData\Local\Programs\Python\Python314\Lib\http\server.py", line 464, in handle_one_request
    self.raw_requestline = self.rfile.readline(65537)
                           ~~~~~~~~~~~~~~~~~~~^^^^^^^
  File "C:\Users\nahas\AppData\Local\Programs\Python\Python314\Lib\socket.py", line 725, in readinto
    return self._sock.recv_into(b)
           ~~~~~~~~~~~~~~~~~~~~^^^
ConnectionAbortedError: [WinError 10053] An established connection was aborted by the software in your host machine
----------------------------------------
----------------------------------------
Exception occurred during processing of request from ('127.0.0.1', 50936)
Traceback (most recent call last):
  File "C:\Users\nahas\AppData\Local\Programs\Python\Python314\Lib\socketserver.py", line 697, in process_request_thread
    self.finish_request(request, client_address)
    ~~~~~~~~~~~~~~~~~~~^^^^^^^^^^^^^^^^^^^^^^^^^
  File "C:\Users\nahas\AppData\Local\Programs\Python\Python314\Lib\socketserver.py", line 362, in finish_request
    self.RequestHandlerClass(request, client_address, self)
    ~~~~~~~~~~~~~~~~~~~~~~~~^^^^^^^^^^^^^^^^^^^^^^^^^^^^^^^
  File "C:\Users\nahas\AppData\Local\Programs\Python\Python314\Lib\socketserver.py", line 766, in __init__
    self.handle()
    ~~~~~~~~~~~^^
  File "C:\Users\nahas\AppData\Local\Programs\Python\Python314\Lib\http\server.py", line 498, in handle
    self.handle_one_request()
    ~~~~~~~~~~~~~~~~~~~~~~~^^
  File "C:\Users\nahas\AppData\Local\Programs\Python\Python314\Lib\http\server.py", line 464, in handle_one_request
    self.raw_requestline = self.rfile.readline(65537)
                           ~~~~~~~~~~~~~~~~~~~^^^^^^^
  File "C:\Users\nahas\AppData\Local\Programs\Python\Python314\Lib\socket.py", line 725, in readinto
    return self._sock.recv_into(b)
           ~~~~~~~~~~~~~~~~~~~~^^^
ConnectionAbortedError: [WinError 10053] An established connection was aborted by the software in your host machine
----------------------------------------
